Filename,C:/Users/Nox.workstation/Desktop/Analysis/Xana/Data12\190725_Sens30_unamp_1.avi
Frames per second,30.0,Seconds per frame,0.03333333333333333,Fly box size,100x100 pixels,Arena center,"(0, 0)"
Arena diameter pixels,1197,Arena diameter in millimeters,30,Arena top left,"(1, 1)"
,,pixels,pixels,pixeis sum,pixeis sum,pixels/frame,pixels/frame,pixeis avg,pixels/frame,pixels/frame,degrees,degrees,degrees,pixels,,millimeters,millimeters,millimeters/frame,millimeters/frame,millimeters/frame,millimeters/frame,millimeters,pixels,pixels
frame,seconds,x,y,motion,motion acceleration,velocity,acceleration,LED,velocity vector x,velocity vector y,velocity angle,angular velocity,angle to the arena center,distance to the arena center,,x,y,velocity,acceleration,velocity vector x,velocity vector y,distance to the arena center,x in relation to the arena,y in relation to the arena
0.0,0.0,786,259,0,0,0,0,137,0,0,0.0,-82.83297729492188,18.24,827.57,,786.0,259.0,0.0,0.0,0.0,0.0,827.57,785,258
1.0,0.03333333333333333,788,266,4383,4383,7.2801098892805181,7.2801098892805181,137,2,7,285.94539590092285,3.4676971435546875,18.65,831.69,,788.0,266.0,7.2801098892805181,7.2801098892805181,2.0,7.0,831.69,787,265
2.0,0.06666666666666667,790,274,4986,603,8.2462112512353212,0.96610136195480312,137,2,8,284.03624346792645,1.0170745849609375,19.13,836.17,,790.0,274.0,8.2462112512353212,0.96610136195480312,2.0,8.0,836.17,789,273
3.0,0.1,793,280,4737,-249,6.7082039324993694,-1.5380073187359518,137,3,6,296.565051177078,2.7056732177734375,19.45,840.98,,793.0,280.0,6.7082039324993694,-1.5380073187359518,3.0,6.0,840.98,792,279
4.0,0.13333333333333333,796,286,4890,153,6.7082039324993694,0.0,137,3,6,296.565051177078,4.981109619140625,19.76,845.82,,796.0,286.0,6.7082039324993694,0.0,3.0,6.0,845.82,795,285
5.0,0.16666666666666666,799,291,5010,120,5.8309518948453007,-0.87725203765406867,137,3,5,300.9637565320735,7.186553955078125,20.01,850.34,,799.0,291.0,5.8309518948453007,-0.87725203765406867,3.0,5.0,850.34,798,290
6.0,0.2,804,297,5538,528,7.810249675906654,1.9792977810613532,137,5,6,309.80557109226515,7.435211181640625,20.27,857.1,,804.0,297.0,7.810249675906654,1.9792977810613532,5.0,6.0,857.1,803,296
7.0,0.23333333333333334,809,302,5097,-441,7.0710678118654755,-0.73918186404117847,137,5,5,315.0,6.0510711669921875,20.47,863.53,,809.0,302.0,7.0710678118654755,-0.73918186404117847,5.0,5.0,863.53,808,301
8.0,0.26666666666666666,818,310,6327,1230,12.041594578792296,4.9705267669268203,137,9,8,318.3664606634298,3.3786163330078125,20.76,874.77,,818.0,310.0,12.041594578792296,4.9705267669268203,9.0,8.0,874.77,817,309
9.0,0.3,824,314,5046,-1281,7.2111025509279782,-4.8304920278643175,137,6,4,326.3099324740202,2.2425384521484375,20.86,881.8,,824.0,314.0,7.2111025509279782,-4.8304920278643175,6.0,4.0,881.8,823,313
10.0,0.3333333333333333,831,322,5235,189,10.63014581273465,3.4190432618066717,137,7,8,311.18592516570965,0.2616119384765625,21.18,891.2,,831.0,322.0,10.63014581273465,3.4190432618066717,7.0,8.0,891.2,830,321
11.0,0.36666666666666664,835,326,3687,-1548,5.6568542494923806,-4.9732915632422694,137,4,4,315.0,2.12249755859375,21.33,896.38,,835.0,326.0,5.6568542494923806,-4.9732915632422694,4.0,4.0,896.38,834,325
12.0,0.4,841,331,5046,1359,7.810249675906654,2.1533954264142734,137,6,5,320.19442890773485,1.950836181640625,21.48,903.79,,841.0,331.0,7.810249675906654,2.1533954264142734,6.0,5.0,903.79,840,330
13.0,0.43333333333333335,846,333,4230,-816,5.3851648071345037,-2.4250848687721502,137,5,2,338.1985905136482,0.518524169921875,21.49,909.18,,846.0,333.0,5.3851648071345037,-2.4250848687721502,5.0,2.0,909.18,845,332
14.0,0.4666666666666667,851,336,4611,381,5.8309518948453007,0.445787087710797,137,5,3,329.03624346792645,0.968505859375,21.55,914.93,,851.0,336.0,5.8309518948453007,0.445787087710797,5.0,3.0,914.93,850,335
15.0,0.5,851,339,3816,-795,3.0,-2.8309518948453007,137,0,3,270.0,0.3405914306640625,21.72,916.04,,851.0,339.0,3.0,-2.8309518948453007,0.0,3.0,916.04,850,338
16.0,0.5333333333333333,853,340,2319,-1497,2.2360679774997898,-0.76393202250021019,137,2,1,333.434948822922,3.8859634399414062,21.73,918.26,,853.0,340.0,2.2360679774997898,-0.76393202250021019,2.0,1.0,918.26,852,339
17.0,0.5666666666666667,859,343,4458,2139,6.7082039324993694,4.4721359549995796,137,6,3,333.434948822922,7.183830261230469,21.77,924.95,,859.0,343.0,6.7082039324993694,4.4721359549995796,6.0,3.0,924.95,858,342
18.0,0.6,866,346,4809,351,7.6157731058639087,0.90756917336453924,137,7,3,336.8014094863518,3.0112533569335938,21.78,932.56,,866.0,346.0,7.6157731058639087,0.90756917336453924,7.0,3.0,932.56,865,345
19.0,0.6333333333333333,875,348,5556,747,9.2195444572928871,1.6037713514289784,137,9,2,347.4711922908485,0.6024398803710938,21.69,941.66,,875.0,348.0,9.2195444572928871,1.6037713514289784,9.0,2.0,941.66,874,347
20.0,0.6666666666666666,881,351,4311,-1245,6.7082039324993694,-2.5113405247935177,137,6,3,333.434948822922,1.0220794677734375,21.72,948.35,,881.0,351.0,6.7082039324993694,-2.5113405247935177,6.0,3.0,948.35,880,350
21.0,0.7,890,355,5283,972,9.8488578017961039,3.1406538692967345,138,9,4,336.0375110254218,1.5400924682617188,21.75,958.19,,890.0,355.0,9.8488578017961039,3.1406538692967345,9.0,4.0,958.19,889,354
22.0,0.7333333333333333,895,359,4065,-1218,6.4031242374328485,-3.4457335643632554,137,5,4,321.3401917459099,0.2912750244140625,21.86,964.32,,895.0,359.0,6.4031242374328485,-3.4457335643632554,5.0,4.0,964.32,894,358
23.0,0.7666666666666666,904,362,5043,978,9.4868329805051381,3.0837087430722896,138,9,3,341.565051177078,1.3264236450195312,21.82,973.79,,904.0,362.0,9.4868329805051381,3.0837087430722896,9.0,3.0,973.79,903,361
24.0,0.8,910,364,4014,-1029,6.324555320336759,-3.1622776601683791,137,6,2,341.565051177078,0.25133514404296875,21.8,980.1,,910.0,364.0,6.324555320336759,-3.1622776601683791,6.0,2.0,980.1,909,363
25.0,0.8333333333333334,918,368,5109,1095,8.9442719099991592,2.6197165896624002,137,8,4,333.434948822922,0.305694580078125,21.84,989.01,,918.0,368.0,8.9442719099991592,2.6197165896624002,8.0,4.0,989.01,917,367
26.0,0.8666666666666667,923,371,4059,-1050,5.8309518948453007,-3.1133200151538585,137,5,3,329.03624346792645,2.4081573486328125,21.9,994.77,,923.0,371.0,5.8309518948453007,-3.1133200151538585,5.0,3.0,994.77,922,370
27.0,0.9,929,373,4218,159,6.324555320336759,0.4936034254914583,137,6,2,341.565051177078,0.512542724609375,21.88,1001.08,,929.0,373.0,6.324555320336759,0.4936034254914583,6.0,2.0,1001.08,928,372
28.0,0.9333333333333333,935,374,4374,156,6.0827625302982193,-0.24179279003853971,137,6,1,350.5376777919744,0.3038330078125,21.8,1007.03,,935.0,374.0,6.0827625302982193,-0.24179279003853971,6.0,1.0,1007.03,934,373
29.0,0.9666666666666667,942,375,4296,-78,7.0710678118654755,0.98830528156725617,137,7,1,351.869897645844,1.511138916015625,21.71,1013.9,,942.0,375.0,7.0710678118654755,0.98830528156725617,7.0,1.0,1013.9,941,374
30.0,1.0,950,377,5106,810,8.2462112512353212,1.1751434393698457,137,8,2,345.9637565320735,3.3121337890625,21.65,1022.07,,950.0,377.0,8.2462112512353212,1.1751434393698457,8.0,2.0,1022.07,949,376
31.0,1.0333333333333332,956,380,4707,-399,6.7082039324993694,-1.5380073187359518,137,6,3,333.434948822922,4.530181884765625,21.68,1028.75,,956.0,380.0,6.7082039324993694,-1.5380073187359518,6.0,3.0,1028.75,955,379
32.0,1.0666666666666667,964,378,5385,678,8.2462112512353212,1.5380073187359518,137,8,-2,14.036243467926479,4.178504943847656,21.41,1035.46,,964.0,378.0,8.2462112512353212,1.5380073187359518,8.0,-2.0,1035.46,963,377
33.0,1.1,971,377,4575,-810,7.0710678118654755,-1.1751434393698457,137,7,-1,8.13010235415598,0.9533233642578125,21.22,1041.62,,971.0,377.0,7.0710678118654755,-1.1751434393698457,7.0,-1.0,1041.62,970,376
34.0,1.1333333333333333,976,377,4287,-288,5.0,-2.0710678118654755,137,5,0,0.0,0.49135589599609375,21.12,1046.28,,976.0,377.0,5.0,-2.0710678118654755,5.0,0.0,1046.28,975,376
35.0,1.1666666666666667,984,377,5013,726,8.0,3.0,138,8,0,0.0,3.1353225708007812,20.96,1053.75,,984.0,377.0,8.0,3.0,8.0,0.0,1053.75,983,376
36.0,1.2,992,377,4434,-579,8.0,0.0,138,8,0,0.0,0.7500152587890625,20.81,1061.22,,992.0,377.0,8.0,0.0,8.0,0.0,1061.22,991,376
37.0,1.2333333333333334,999,375,4851,417,7.2801098892805181,-0.71989011071948195,137,7,-2,15.945395900922854,2.3965301513671875,20.57,1067.06,,999.0,375.0,7.2801098892805181,-0.71989011071948195,7.0,-2.0,1067.06,998,374
38.0,1.2666666666666666,1004,373,4779,-72,5.3851648071345037,-1.8949450821460143,138,5,-2,21.80140948635181,0.254241943359375,20.38,1071.05,,1004.0,373.0,5.3851648071345037,-1.8949450821460143,5.0,-2.0,1071.05,1003,372
39.0,1.3,1011,373,4152,-627,7.0,1.6148351928654963,137,7,0,0.0,0.40196990966796875,20.25,1077.61,,1011.0,373.0,7.0,1.6148351928654963,7.0,0.0,1077.61,1010,372
40.0,1.3333333333333333,1007,375,3645,-507,4.4721359549995796,-2.5278640450004204,137,-4,2,206.565051177078,1.3747787475585938,20.42,1074.56,,1007.0,375.0,4.4721359549995796,-2.5278640450004204,-4.0,2.0,1074.56,1006,374
41.0,1.3666666666666667,1007,375,693,-2952,0.0,-4.4721359549995796,137,0,0,0.0,1.2845382690429688,20.42,1074.56,,1007.0,375.0,0.0,-4.4721359549995796,0.0,0.0,1074.56,1006,374
42.0,1.4,1006,376,939,246,1.4142135623730951,1.4142135623730951,138,-1,1,225.0,0.7919921875,20.49,1073.97,,1006.0,376.0,1.4142135623730951,1.4142135623730951,-1.0,1.0,1073.97,1005,375
43.0,1.4333333333333333,1006,376,117,-822,0.0,-1.4142135623730951,137,0,0,0.0,0.23047637939453125,20.49,1073.97,,1006.0,376.0,0.0,-1.4142135623730951,0.0,0.0,1073.97,1005,375
44.0,1.4666666666666666,1005,376,267,150,1.0,1.0,137,-1,0,180.0,1.67706298828125,20.51,1073.03,,1005.0,376.0,1.0,1.0,-1.0,0.0,1073.03,1004,375
45.0,1.5,1005,376,0,-267,0.0,-1.0,138,0,0,0.0,0.16565704345703125,20.51,1073.03,,1005.0,376.0,0.0,-1.0,0.0,0.0,1073.03,1004,375
46.0,1.5333333333333332,1003,376,2220,2220,2.0,2.0,137,-2,0,180.0,3.6216278076171875,20.55,1071.16,,1003.0,376.0,2.0,2.0,-2.0,0.0,1071.16,1002,375
47.0,1.5666666666666667,1002,377,5352,3132,1.4142135623730951,-0.58578643762690485,137,-1,1,225.0,14.939865112304688,20.62,1070.58,,1002.0,377.0,1.4142135623730951,-0.58578643762690485,-1.0,1.0,1070.58,1001,376
48.0,1.6,1001,377,5559,207,1.0,-0.41421356237309515,137,-1,0,180.0,17.729286193847656,20.64,1069.64,,1001.0,377.0,1.0,-0.41421356237309515,-1.0,0.0,1069.64,1000,376
49.0,1.6333333333333333,1001,379,4884,-675,2.0,1.0,137,0,2,270.0,13.65240478515625,20.74,1070.35,,1001.0,379.0,2.0,1.0,0.0,2.0,1070.35,1000,378
50.0,1.6666666666666667,1000,381,3966,-918,2.2360679774997898,0.23606797749978981,137,-1,2,243.434948822922,3.891265869140625,20.86,1070.12,,1000.0,381.0,2.2360679774997898,0.23606797749978981,-1.0,2.0,1070.12,999,380
51.0,1.7,999,385,4848,882,4.1231056256176606,1.8870376481178708,137,-1,4,255.96375653207352,8.377090454101562,21.08,1070.62,,999.0,385.0,4.1231056256176606,1.8870376481178708,-1.0,4.0,1070.62,998,384
52.0,1.7333333333333334,998,391,4977,129,6.0827625302982193,1.9596569046805588,137,-1,6,260.5376777919744,5.8917999267578125,21.39,1071.86,,998.0,391.0,6.0827625302982193,1.9596569046805588,-1.0,6.0,1071.86,997,390
53.0,1.7666666666666666,998,397,4887,-90,6.0,-0.082762530298219339,137,0,6,270.0,5.74951171875,21.69,1074.06,,998.0,397.0,6.0,-0.082762530298219339,0.0,6.0,1074.06,997,396
54.0,1.8,998,403,4254,-633,6.0,0.0,137,0,6,270.0,1.7947540283203125,21.99,1076.3,,998.0,403.0,6.0,0.0,0.0,6.0,1076.3,997,402
55.0,1.8333333333333333,996,409,4986,732,6.324555320336759,0.32455532033675905,137,-2,6,251.565051177078,2.4301605224609375,22.33,1076.71,,996.0,409.0,6.324555320336759,0.32455532033675905,-2.0,6.0,1076.71,995,408
56.0,1.8666666666666667,994,415,5778,792,6.324555320336759,0.0,138,-2,6,251.565051177078,3.3670501708984375,22.66,1077.15,,994.0,415.0,6.324555320336759,0.0,-2.0,6.0,1077.15,993,414
57.0,1.9,992,420,4407,-1371,5.3851648071345037,-0.93939051320225531,138,-2,5,248.19859051364818,2.719879150390625,22.95,1077.25,,992.0,420.0,5.3851648071345037,-0.93939051320225531,-2.0,5.0,1077.25,991,419
58.0,1.9333333333333333,989,425,4683,276,5.8309518948453007,0.445787087710797,137,-3,5,239.03624346792648,1.716903567314148,23.25,1076.45,,989.0,425.0,5.8309518948453007,0.445787087710797,-3.0,5.0,1076.45,988,424
59.0,1.9666666666666666,988,433,4899,216,8.0622577482985491,2.2313058534532484,137,-1,8,262.8749836510982,2.9161282777786255,23.67,1078.72,,988.0,433.0,8.0622577482985491,2.2313058534532484,-1.0,8.0,1078.72,987,432
60.0,2.0,986,441,5574,675,8.2462112512353212,0.18395350293677204,138,-2,8,255.96375653207352,5.832950592041016,24.1,1080.13,,986.0,441.0,8.2462112512353212,0.18395350293677204,-2.0,8.0,1080.13,985,440
61.0,2.033333333333333,983,448,4752,-822,7.6157731058639087,-0.63043814537141252,137,-3,7,246.80140948635182,0.33289051055908203,24.5,1080.27,,983.0,448.0,7.6157731058639087,-0.63043814537141252,-3.0,7.0,1080.27,982,447
62.0,2.0666666666666664,981,455,4242,-510,7.2801098892805181,-0.3356632165833906,137,-2,7,254.05460409907712,0.5370903015136719,24.88,1081.38,,981.0,455.0,7.2801098892805181,-0.3356632165833906,-2.0,7.0,1081.38,980,454
63.0,2.1,979,462,4749,507,7.2801098892805181,0.0,137,-2,7,254.05460409907712,1.46012544631958,25.26,1082.54,,979.0,462.0,7.2801098892805181,0.0,-2.0,7.0,1082.54,978,461
64.0,2.1333333333333333,978,469,4434,-315,7.0710678118654755,-0.20904207741504255,137,-1,7,261.869897645844,0.33928871154785156,25.62,1084.64,,978.0,469.0,7.0710678118654755,-0.20904207741504255,-1.0,7.0,1084.64,977,468
65.0,2.1666666666666665,976,479,5436,1002,10.198039027185569,3.1269712153200935,138,-2,10,258.6900675259798,0.770728588104248,26.14,1087.21,,976.0,479.0,10.198039027185569,3.1269712153200935,-2.0,10.0,1087.21,975,478
66.0,2.2,975,486,4326,-1110,7.0710678118654755,-3.1269712153200935,138,-1,7,261.869897645844,0.05472564697265625,26.49,1089.41,,975.0,486.0,7.0710678118654755,-3.1269712153200935,-1.0,7.0,1089.41,974,485
67.0,2.2333333333333334,974,495,5202,876,9.0553851381374173,1.9843173262719418,137,-1,9,263.6598082540901,2.874288558959961,26.94,1092.57,,974.0,495.0,9.0553851381374173,1.9843173262719418,-1.0,9.0,1092.57,973,494
68.0,2.2666666666666666,973,502,4623,-579,7.0710678118654755,-1.9843173262719418,138,-1,7,261.869897645844,0.7233881950378418,27.29,1094.87,,973.0,502.0,7.0710678118654755,-1.9843173262719418,-1.0,7.0,1094.87,972,501
69.0,2.3,971,513,5913,1290,11.180339887498949,4.1092720756334735,138,-2,11,259.695153531234,1.7072691917419434,27.85,1098.18,,971.0,513.0,11.180339887498949,4.1092720756334735,-2.0,11.0,1098.18,970,512
70.0,2.3333333333333335,970,522,5385,-528,9.0553851381374173,-2.1249547493615317,137,-1,9,263.6598082540901,1.8023614883422852,28.29,1101.54,,970.0,522.0,9.0553851381374173,-2.1249547493615317,-1.0,9.0,1101.54,969,521
71.0,2.3666666666666667,969,532,5550,165,10.04987562112089,0.99449048298347265,138,-1,10,264.28940686250036,4.597228109836578,28.77,1105.43,,969.0,532.0,10.04987562112089,0.99449048298347265,-1.0,10.0,1105.43,968,531
72.0,2.4,969,543,5958,408,11.0,0.95012437887911005,138,0,11,270.0,1.8417014479637146,29.27,1110.77,,969.0,543.0,11.0,0.95012437887911005,0.0,11.0,1110.77,968,542
73.0,2.433333333333333,969,553,5853,-105,10.0,-1.0,137,0,10,270.0,0.6055755615234375,29.71,1115.69,,969.0,553.0,10.0,-1.0,0.0,10.0,1115.69,968,552
74.0,2.466666666666667,969,564,5820,-33,11.0,1.0,138,0,11,270.0,1.2003631591796875,30.2,1121.19,,969.0,564.0,11.0,1.0,0.0,11.0,1121.19,968,563
75.0,2.5,970,572,5193,-627,8.0622577482985491,-2.9377422517014509,138,1,8,277.1250163489018,0.3992767333984375,30.53,1126.09,,970.0,572.0,8.0622577482985491,-2.9377422517014509,1.0,8.0,1126.09,969,571
76.0,2.533333333333333,971,582,6228,1035,10.04987562112089,1.9876178728223408,137,1,10,275.71059313749964,0.9675140380859375,30.94,1132.06,,971.0,582.0,10.04987562112089,1.9876178728223408,1.0,10.0,1132.06,970,581
77.0,2.5666666666666664,971,590,4839,-1389,8.0,-2.0498756211208899,138,0,8,270.0,2.00970458984375,31.28,1136.2,,971.0,590.0,8.0,-2.0498756211208899,0.0,8.0,1136.2,970,589
78.0,2.6,972,599,5454,615,9.0553851381374173,1.0553851381374173,138,1,9,276.3401917459099,2.3945159912109375,31.64,1141.75,,972.0,599.0,9.0553851381374173,1.0553851381374173,1.0,9.0,1141.75,971,598
79.0,2.6333333333333333,974,607,5955,501,8.2462112512353212,-0.80917388690209613,137,2,8,284.03624346792645,6.2579498291015625,31.93,1147.66,,974.0,607.0,8.2462112512353212,-0.80917388690209613,2.0,8.0,1147.66,973,606
80.0,2.6666666666666665,976,616,5610,-345,9.2195444572928871,0.9733332060575659,138,2,9,282.5288077091515,3.8084869384765625,32.26,1154.14,,976.0,616.0,9.2195444572928871,0.9733332060575659,2.0,9.0,1154.14,975,615
81.0,2.7,979,624,5535,-75,8.5440037453175304,-0.6755407119753567,138,3,8,290.55604521958344,2.3810577392578125,32.51,1160.96,,979.0,624.0,8.5440037453175304,-0.6755407119753567,3.0,8.0,1160.96,978,623
82.0,2.7333333333333334,983,633,5844,309,9.8488578017961039,1.3048540564785736,137,4,9,293.9624889745782,5.1884307861328125,32.78,1169.18,,983.0,633.0,9.8488578017961039,1.3048540564785736,4.0,9.0,1169.18,982,632
83.0,2.7666666666666666,988,642,6609,765,10.295630140987001,0.44677233919089687,138,5,9,299.05460409907715,5.2220458984375,33.02,1178.26,,988.0,642.0,10.295630140987001,0.44677233919089687,5.0,9.0,1178.26,987,641
84.0,2.8,993,651,5862,-747,10.295630140987001,0.0,138,5,9,299.05460409907715,1.1562652587890625,33.25,1187.37,,993.0,651.0,10.295630140987001,0.0,5.0,9.0,1187.37,992,650
85.0,2.8333333333333335,998,658,5565,-297,8.6023252670426267,-1.6933048739443741,137,5,7,305.5376777919744,2.602691650390625,33.4,1195.39,,998.0,658.0,8.6023252670426267,-1.6933048739443741,5.0,7.0,1195.39,997,657
86.0,2.8666666666666667,1004,664,6051,486,8.4852813742385695,-0.11704389280405714,137,6,6,315.0,4.7819671630859375,33.48,1203.71,,1004.0,664.0,8.4852813742385695,-0.11704389280405714,6.0,6.0,1203.71,1003,663
87.0,2.9,1011,671,6096,45,9.8994949366116654,1.4142135623730958,138,7,7,315.0,3.2424774169921875,33.57,1213.41,,1011.0,671.0,9.8994949366116654,1.4142135623730958,7.0,7.0,1213.41,1010,670
88.0,2.933333333333333,1017,677,5268,-828,8.4852813742385695,-1.4142135623730958,137,6,6,315.0,2.072265625,33.65,1221.73,,1017.0,677.0,8.4852813742385695,-1.4142135623730958,6.0,6.0,1221.73,1016,676
89.0,2.966666666666667,1024,683,5547,279,9.2195444572928871,0.73426308305431753,138,7,6,319.3987053549955,0.2004241943359375,33.7,1230.88,,1024.0,683.0,9.2195444572928871,0.73426308305431753,7.0,6.0,1230.88,1023,682
90.0,3.0,1031,689,5901,354,9.2195444572928871,0.0,138,7,6,319.3987053549955,1.34771728515625,33.75,1240.03,,1031.0,689.0,9.2195444572928871,0.0,7.0,6.0,1240.03,1030,688
91.0,3.033333333333333,1035,697,5817,-84,8.9442719099991592,-0.27527254729372785,137,4,8,296.565051177078,3.710723876953125,33.96,1247.81,,1035.0,697.0,8.9442719099991592,-0.27527254729372785,4.0,8.0,1247.81,1034,696
92.0,3.0666666666666664,1037,701,5574,-243,4.4721359549995796,-4.4721359549995796,137,2,4,296.565051177078,11.38385009765625,34.06,1251.71,,1037.0,701.0,4.4721359549995796,-4.4721359549995796,2.0,4.0,1251.71,1036,700
93.0,3.1,1037,706,5313,-261,5.0,0.52786404500042039,138,0,5,270.0,9.872100830078125,34.25,1254.51,,1037.0,706.0,5.0,0.52786404500042039,0.0,5.0,1254.51,1036,705
94.0,3.1333333333333333,1034,710,6072,759,5.0,0.0,137,-3,4,233.13010235415598,8.059768676757812,34.48,1254.3,,1034.0,710.0,5.0,0.0,-3.0,4.0,1254.3,1033,709
95.0,3.1666666666666665,1031,713,5673,-399,4.2426406871192848,-0.75735931288071523,138,-3,3,225.0,12.309339761734009,34.67,1253.53,,1031.0,713.0,4.2426406871192848,-0.75735931288071523,-3.0,3.0,1253.53,1030,712
96.0,3.2,1028,716,5154,-519,4.2426406871192848,0.0,137,-3,3,225.0,8.63087248802185,34.86,1252.77,,1028.0,716.0,4.2426406871192848,0.0,-3.0,3.0,1252.77,1027,715
97.0,3.2333333333333334,1025,718,5196,42,3.6055512754639891,-0.63708941165529565,137,-3,2,213.69006752597977,2.9867935180664062,35.01,1251.46,,1025.0,718.0,3.6055512754639891,-0.63708941165529565,-3.0,2.0,1251.46,1024,717
98.0,3.2666666666666666,1022,721,4131,-1065,4.2426406871192848,0.63708941165529565,137,-3,3,225.0,1.5405406951904297,35.2,1250.73,,1022.0,721.0,4.2426406871192848,0.63708941165529565,-3.0,3.0,1250.73,1021,720
99.0,3.3,1020,723,3441,-690,2.8284271247461903,-1.4142135623730945,137,-2,2,225.0,1.305851936340332,35.33,1250.25,,1020.0,723.0,2.8284271247461903,-1.4142135623730945,-2.0,2.0,1250.25,1019,722
100.0,3.3333333333333335,1019,725,1299,-2142,2.2360679774997898,-0.59235914724640049,137,-1,2,243.434948822922,0.6765861511230469,35.43,1250.59,,1019.0,725.0,2.2360679774997898,-0.59235914724640049,-1.0,2.0,1250.59,1018,724
101.0,3.3666666666666667,1018,729,3267,1968,4.1231056256176606,1.8870376481178708,137,-1,4,255.96375653207352,0.49684715270996094,35.61,1252.1,,1018.0,729.0,4.1231056256176606,1.8870376481178708,-1.0,4.0,1252.1,1017,728
102.0,3.4,1018,730,1023,-2244,1.0,-3.1231056256176606,138,0,1,270.0,0.438568115234375,35.64,1252.69,,1018.0,730.0,1.0,-3.1231056256176606,0.0,1.0,1252.69,1017,729
103.0,3.433333333333333,1018,730,63,-960,0.0,-1.0,137,0,0,0.0,0.5523605346679688,35.64,1252.69,,1018.0,730.0,0.0,-1.0,0.0,0.0,1252.69,1017,729
104.0,3.466666666666667,1018,730,0,-63,0.0,0.0,137,0,0,0.0,0.4176912307739258,35.64,1252.69,,1018.0,730.0,0.0,0.0,0.0,0.0,1252.69,1017,729
105.0,3.5,1018,730,0,0,0.0,0.0,137,0,0,0.0,0.8073196411132812,35.64,1252.69,,1018.0,730.0,0.0,0.0,0.0,0.0,1252.69,1017,729
106.0,3.533333333333333,1018,730,0,0,0.0,0.0,137,0,0,0.0,0.6350317001342773,35.64,1252.69,,1018.0,730.0,0.0,0.0,0.0,0.0,1252.69,1017,729
107.0,3.5666666666666664,1018,730,3,3,0.0,0.0,138,0,0,0.0,0.2637901306152344,35.64,1252.69,,1018.0,730.0,0.0,0.0,0.0,0.0,1252.69,1017,729
108.0,3.6,1018,730,0,-3,0.0,0.0,137,0,0,0.0,0.20192813873291016,35.64,1252.69,,1018.0,730.0,0.0,0.0,0.0,0.0,1252.69,1017,729
109.0,3.6333333333333333,1018,730,3,3,0.0,0.0,137,0,0,0.0,0.5228242874145508,35.64,1252.69,,1018.0,730.0,0.0,0.0,0.0,0.0,1252.69,1017,729
110.0,3.6666666666666665,1018,730,6,3,0.0,0.0,137,0,0,0.0,0.2780313491821289,35.64,1252.69,,1018.0,730.0,0.0,0.0,0.0,0.0,1252.69,1017,729
111.0,3.6999999999999997,1018,730,0,-6,0.0,0.0,138,0,0,0.0,0.7410650253295898,35.64,1252.69,,1018.0,730.0,0.0,0.0,0.0,0.0,1252.69,1017,729
112.0,3.7333333333333334,1018,730,0,0,0.0,0.0,137,0,0,0.0,0.3737974166870117,35.64,1252.69,,1018.0,730.0,0.0,0.0,0.0,0.0,1252.69,1017,729
113.0,3.7666666666666666,1018,730,3,3,0.0,0.0,137,0,0,0.0,0.30426979064941406,35.64,1252.69,,1018.0,730.0,0.0,0.0,0.0,0.0,1252.69,1017,729
114.0,3.8,1018,730,0,-3,0.0,0.0,138,0,0,0.0,0.17117023468017578,35.64,1252.69,,1018.0,730.0,0.0,0.0,0.0,0.0,1252.69,1017,729
115.0,3.8333333333333335,1018,730,3,3,0.0,0.0,137,0,0,0.0,0.5604562759399414,35.64,1252.69,,1018.0,730.0,0.0,0.0,0.0,0.0,1252.69,1017,729
116.0,3.8666666666666667,1018,730,0,-3,0.0,0.0,138,0,0,0.0,0.5945644378662109,35.64,1252.69,,1018.0,730.0,0.0,0.0,0.0,0.0,1252.69,1017,729
117.0,3.9,1018,730,0,0,0.0,0.0,137,0,0,0.0,0.0949869155883789,35.64,1252.69,,1018.0,730.0,0.0,0.0,0.0,0.0,1252.69,1017,729
118.0,3.933333333333333,1018,730,0,0,0.0,0.0,137,0,0,0.0,0.1919698715209961,35.64,1252.69,,1018.0,730.0,0.0,0.0,0.0,0.0,1252.69,1017,729
119.0,3.966666666666667,1018,730,0,0,0.0,0.0,137,0,0,0.0,0.3233451843261719,35.64,1252.69,,1018.0,730.0,0.0,0.0,0.0,0.0,1252.69,1017,729
120.0,4.0,1018,730,0,0,0.0,0.0,138,0,0,0.0,0.39461421966552734,35.64,1252.69,,1018.0,730.0,0.0,0.0,0.0,0.0,1252.69,1017,729
121.0,4.033333333333333,1018,730,0,0,0.0,0.0,137,0,0,0.0,0.22894001007080078,35.64,1252.69,,1018.0,730.0,0.0,0.0,0.0,0.0,1252.69,1017,729
122.0,4.066666666666666,1018,730,3,3,0.0,0.0,137,0,0,0.0,0.5333681106567383,35.64,1252.69,,1018.0,730.0,0.0,0.0,0.0,0.0,1252.69,1017,729
123.0,4.1,1018,730,0,-3,0.0,0.0,137,0,0,0.0,0.19724369049072266,35.64,1252.69,,1018.0,730.0,0.0,0.0,0.0,0.0,1252.69,1017,729
124.0,4.133333333333333,1018,730,0,0,0.0,0.0,137,0,0,0.0,0.08646965026855469,35.64,1252.69,,1018.0,730.0,0.0,0.0,0.0,0.0,1252.69,1017,729
125.0,4.166666666666667,1018,730,0,0,0.0,0.0,138,0,0,0.0,0.4826679229736328,35.64,1252.69,,1018.0,730.0,0.0,0.0,0.0,0.0,1252.69,1017,729
126.0,4.2,1018,730,3,3,0.0,0.0,137,0,0,0.0,0.057967185974121094,35.64,1252.69,,1018.0,730.0,0.0,0.0,0.0,0.0,1252.69,1017,729
127.0,4.233333333333333,1018,730,0,-3,0.0,0.0,137,0,0,0.0,0.10925579071044922,35.64,1252.69,,1018.0,730.0,0.0,0.0,0.0,0.0,1252.69,1017,729
128.0,4.266666666666667,1018,730,0,0,0.0,0.0,138,0,0,0.0,0.018098831176757812,35.64,1252.69,,1018.0,730.0,0.0,0.0,0.0,0.0,1252.69,1017,729
129.0,4.3,1018,730,3,3,0.0,0.0,137,0,0,0.0,0.01840972900390625,35.64,1252.69,,1018.0,730.0,0.0,0.0,0.0,0.0,1252.69,1017,729
130.0,4.333333333333333,1018,730,3,0,0.0,0.0,137,0,0,0.0,0.19210147857666016,35.64,1252.69,,1018.0,730.0,0.0,0.0,0.0,0.0,1252.69,1017,729
131.0,4.366666666666666,1018,730,0,-3,0.0,0.0,137,0,0,0.0,0.004408836364746094,35.64,1252.69,,1018.0,730.0,0.0,0.0,0.0,0.0,1252.69,1017,729
132.0,4.4,1018,730,3,3,0.0,0.0,137,0,0,0.0,0.07968330383300781,35.64,1252.69,,1018.0,730.0,0.0,0.0,0.0,0.0,1252.69,1017,729
133.0,4.433333333333334,1018,730,12,9,0.0,0.0,145,0,0,0.0,0.14243221282958984,35.64,1252.69,,1018.0,730.0,0.0,0.0,0.0,0.0,1252.69,1017,729
134.0,4.466666666666667,1018,730,0,-12,0.0,0.0,145,0,0,0.0,0.45044422149658203,35.64,1252.69,,1018.0,730.0,0.0,0.0,0.0,0.0,1252.69,1017,729
135.0,4.5,1018,730,33,33,0.0,0.0,145,0,0,0.0,0.23931312561035156,35.64,1252.69,,1018.0,730.0,0.0,0.0,0.0,0.0,1252.69,1017,729
136.0,4.533333333333333,1019,729,342,309,1.4142135623730951,1.4142135623730951,137,1,-1,45.0,0.41954612731933594,35.58,1252.92,,1019.0,729.0,1.4142135623730951,1.4142135623730951,1.0,-1.0,1252.92,1018,728
137.0,4.566666666666666,1019,729,654,312,0.0,-1.4142135623730951,137,0,0,0.0,1.7960290908813477,35.58,1252.92,,1019.0,729.0,0.0,-1.4142135623730951,0.0,0.0,1252.92,1018,728
138.0,4.6,1019,729,1617,963,0.0,0.0,137,0,0,0.0,1.6182003021240234,35.58,1252.92,,1019.0,729.0,0.0,0.0,0.0,0.0,1252.92,1018,728
139.0,4.633333333333333,1019,730,2616,999,1.0,1.0,137,0,1,270.0,6.0410096645355225,35.62,1253.5,,1019.0,730.0,1.0,1.0,0.0,1.0,1253.5,1018,729
140.0,4.666666666666667,1021,732,3057,441,2.8284271247461903,1.8284271247461903,137,2,2,315.0,6.840169191360474,35.64,1256.29,,1021.0,732.0,2.8284271247461903,1.8284271247461903,2.0,2.0,1256.29,1020,731
141.0,4.7,1021,734,3045,-12,2.0,-0.82842712474619029,137,0,2,270.0,3.7762298583984375,35.71,1257.46,,1021.0,734.0,2.0,-0.82842712474619029,0.0,2.0,1257.46,1020,733
142.0,4.733333333333333,1023,738,3396,351,4.4721359549995796,2.4721359549995796,137,2,4,296.565051177078,1.7214508056640625,35.81,1261.42,,1023.0,738.0,4.4721359549995796,2.4721359549995796,2.0,4.0,1261.42,1022,737
143.0,4.766666666666667,1025,741,3516,120,3.6055512754639891,-0.86658467953559049,137,2,3,303.6900675259798,1.896942138671875,35.86,1264.79,,1025.0,741.0,3.6055512754639891,-0.86658467953559049,2.0,3.0,1264.79,1024,740
144.0,4.8,1026,746,4251,735,5.0990195135927845,1.4934682381287954,137,1,5,281.3099324740202,0.33428955078125,36.02,1268.54,,1026.0,746.0,5.0990195135927845,1.4934682381287954,1.0,5.0,1268.54,1025,745
145.0,4.833333333333333,1027,751,3705,-546,5.0990195135927845,0.0,137,1,5,281.3099324740202,1.3951568603515625,36.18,1272.29,,1027.0,751.0,5.0990195135927845,0.0,1.0,5.0,1272.29,1026,750
146.0,4.866666666666666,1027,756,3708,3,5.0,-0.099019513592784492,137,0,5,270.0,0.603240966796875,36.36,1275.25,,1027.0,756.0,5.0,-0.099019513592784492,0.0,5.0,1275.25,1026,755
147.0,4.9,1028,760,3444,-264,4.1231056256176606,-0.87689437438233941,138,1,4,284.03624346792645,0.380096435546875,36.48,1278.43,,1028.0,760.0,4.1231056256176606,-0.87689437438233941,1.0,4.0,1278.43,1027,759
148.0,4.933333333333334,1028,764,2997,-447,4.0,-0.12310562561766059,137,0,4,270.0,1.241058349609375,36.62,1280.81,,1028.0,764.0,4.0,-0.12310562561766059,0.0,4.0,1280.81,1027,763
149.0,4.966666666666667,1029,769,3561,564,5.0990195135927845,1.0990195135927845,137,1,5,281.3099324740202,0.5423126220703125,36.77,1284.6,,1029.0,769.0,5.0990195135927845,1.0990195135927845,1.0,5.0,1284.6,1028,768
150.0,5.0,1029,771,2238,-1323,2.0,-3.0990195135927845,137,0,2,270.0,1.021148681640625,36.84,1285.8,,1029.0,771.0,2.0,-3.0990195135927845,0.0,2.0,1285.8,1028,770
151.0,5.033333333333333,1028,769,3243,1005,2.2360679774997898,0.23606797749978981,137,-1,-2,116.56505117707799,0.6371307373046875,36.8,1283.8,,1028.0,769.0,2.2360679774997898,0.23606797749978981,-1.0,-2.0,1283.8,1027,768
152.0,5.066666666666666,1026,765,2979,-264,4.4721359549995796,2.2360679774997898,137,-2,-4,116.56505117707799,0.2275390625,36.71,1279.81,,1026.0,765.0,4.4721359549995796,2.2360679774997898,-2.0,-4.0,1279.81,1025,764
153.0,5.1,1024,761,3630,651,4.4721359549995796,0.0,137,-2,-4,116.56505117707799,0.971649169921875,36.62,1275.81,,1024.0,761.0,4.4721359549995796,0.0,-2.0,-4.0,1275.81,1023,760
154.0,5.133333333333333,1024,756,3123,-507,5.0,0.52786404500042039,137,0,-5,90.0,0.66455078125,36.44,1272.84,,1024.0,756.0,5.0,0.52786404500042039,0.0,-5.0,1272.84,1023,755
155.0,5.166666666666667,1025,756,1377,-1746,1.0,-4.0,138,1,0,0.0,0.83013916015625,36.41,1273.64,,1025.0,756.0,1.0,-4.0,1.0,0.0,1273.64,1024,755
156.0,5.2,1025,755,1092,-285,1.0,0.0,138,0,-1,90.0,1.5908203125,36.37,1273.05,,1025.0,755.0,1.0,0.0,0.0,-1.0,1273.05,1024,754
157.0,5.233333333333333,1025,754,1995,903,1.0,0.0,137,0,-1,90.0,3.430877685546875,36.34,1272.45,,1025.0,754.0,1.0,0.0,0.0,-1.0,1272.45,1024,753
158.0,5.266666666666667,1025,753,2511,516,1.0,0.0,138,0,-1,90.0,4.1475372314453125,36.3,1271.86,,1025.0,753.0,1.0,0.0,0.0,-1.0,1271.86,1024,752
159.0,5.3,1025,750,2859,348,3.0,2.0,138,0,-3,90.0,2.7480926513671875,36.19,1270.09,,1025.0,750.0,3.0,2.0,0.0,-3.0,1270.09,1024,749
160.0,5.333333333333333,1026,748,2925,66,2.2360679774997898,-0.76393202250021019,137,1,-2,63.43494882292201,5.1794891357421875,36.09,1269.72,,1026.0,748.0,2.2360679774997898,-0.76393202250021019,1.0,-2.0,1269.72,1025,747
161.0,5.366666666666666,1024,747,3759,834,2.2360679774997898,0.0,138,-2,-1,153.434948822922,6.364018440246582,36.11,1267.51,,1024.0,747.0,2.2360679774997898,0.0,-2.0,-1.0,1267.51,1023,746
162.0,5.4,1023,745,4440,681,2.2360679774997898,0.0,137,-1,-2,116.56505117707799,11.609320640563965,36.06,1265.53,,1023.0,745.0,2.2360679774997898,0.0,-1.0,-2.0,1265.53,1022,744
163.0,5.433333333333334,1020,746,3885,-555,3.1622776601683795,0.92620968266858972,137,-3,1,198.434948822922,8.802488327026367,36.18,1263.69,,1020.0,746.0,3.1622776601683795,0.92620968266858972,-3.0,1.0,1263.69,1019,745
164.0,5.466666666666667,1018,745,4242,357,2.2360679774997898,-0.92620968266858972,137,-2,-1,153.434948822922,1.1947059631347656,36.2,1261.49,,1018.0,745.0,2.2360679774997898,-0.92620968266858972,-2.0,-1.0,1261.49,1017,744
165.0,5.5,1017,747,2502,-1740,2.2360679774997898,0.0,138,-1,2,243.434948822922,0.155303955078125,36.3,1261.86,,1017.0,747.0,2.2360679774997898,0.0,-1.0,2.0,1261.86,1016,746
166.0,5.533333333333333,1016,748,2406,-96,1.4142135623730951,-0.82185441512669466,137,-1,1,225.0,1.8476829528808594,36.36,1261.65,,1016.0,748.0,1.4142135623730951,-0.82185441512669466,-1.0,1.0,1261.65,1015,747
167.0,5.566666666666666,1013,748,3468,1062,3.0,1.5857864376269049,137,-3,0,180.0,2.6889286041259766,36.44,1259.24,,1013.0,748.0,3.0,1.5857864376269049,-3.0,0.0,1259.24,1012,747
168.0,5.6,1013,746,2925,-543,2.0,-1.0,137,0,-2,90.0,7.881282806396484,36.37,1258.05,,1013.0,746.0,2.0,-1.0,0.0,-2.0,1258.05,1012,745
169.0,5.633333333333333,1015,744,2337,-588,2.8284271247461903,0.82842712474619029,137,2,-2,45.0,0.2858543395996094,36.24,1258.48,,1015.0,744.0,2.8284271247461903,0.82842712474619029,2.0,-2.0,1258.48,1014,743
170.0,5.666666666666667,1016,743,789,-1548,1.4142135623730951,-1.4142135623730951,137,1,-1,45.0,0.030475616455078125,36.18,1258.69,,1016.0,743.0,1.4142135623730951,-1.4142135623730951,1.0,-1.0,1258.69,1015,742
171.0,5.7,1017,741,3285,2496,2.2360679774997898,0.82185441512669466,137,1,-2,63.43494882292201,6.575416564941406,36.08,1258.32,,1017.0,741.0,2.2360679774997898,0.82185441512669466,1.0,-2.0,1258.32,1016,740
172.0,5.733333333333333,1017,740,1623,-1662,1.0,-1.2360679774997898,137,0,-1,90.0,0.7592010498046875,36.04,1257.73,,1017.0,740.0,1.0,-1.2360679774997898,0.0,-1.0,1257.73,1016,739
173.0,5.766666666666667,1014,741,2115,492,3.1622776601683795,2.1622776601683795,137,-3,1,198.434948822922,2.8320465087890625,36.16,1255.9,,1014.0,741.0,3.1622776601683795,2.1622776601683795,-3.0,1.0,1255.9,1013,740
174.0,5.8,1012,742,3519,1404,2.2360679774997898,-0.92620968266858972,137,-2,1,206.565051177078,2.3057937622070312,36.25,1254.87,,1012.0,742.0,2.2360679774997898,-0.92620968266858972,-2.0,1.0,1254.87,1011,741
175.0,5.833333333333333,1010,744,3450,-69,2.8284271247461903,0.59235914724640049,137,-2,2,225.0,0.26778411865234375,36.38,1254.45,,1010.0,744.0,2.8284271247461903,0.59235914724640049,-2.0,2.0,1254.45,1009,743
176.0,5.866666666666666,1008,746,2526,-924,2.8284271247461903,0.0,137,-2,2,225.0,3.2884521484375,36.5,1254.03,,1008.0,746.0,2.8284271247461903,0.0,-2.0,2.0,1254.03,1007,745
177.0,5.9,1006,747,2769,243,2.2360679774997898,-0.59235914724640049,137,-2,1,206.565051177078,0.046688079833984375,36.6,1253.01,,1006.0,747.0,2.2360679774997898,-0.59235914724640049,-2.0,1.0,1253.01,1005,746
178.0,5.933333333333334,1004,748,2424,-345,2.2360679774997898,0.0,137,-2,1,206.565051177078,0.9467277526855469,36.69,1252.01,,1004.0,748.0,2.2360679774997898,0.0,-2.0,1.0,1252.01,1003,747
179.0,5.966666666666667,1004,747,1830,-594,1.0,-1.2360679774997898,137,0,-1,90.0,2.3281402587890625,36.65,1251.41,,1004.0,747.0,1.0,-1.2360679774997898,0.0,-1.0,1251.41,1003,746
180.0,6.0,1004,745,2757,927,2.0,1.0,137,0,-2,90.0,3.1436386108398438,36.58,1250.22,,1004.0,745.0,2.0,1.0,0.0,-2.0,1250.22,1003,744
181.0,6.033333333333333,1005,743,3060,303,2.2360679774997898,0.23606797749978981,137,1,-2,63.43494882292201,4.036479949951172,36.48,1249.83,,1005.0,743.0,2.2360679774997898,0.23606797749978981,1.0,-2.0,1249.83,1004,742
182.0,6.066666666666666,1006,743,1260,-1800,1.0,-1.2360679774997898,137,1,0,0.0,0.073516845703125,36.45,1250.63,,1006.0,743.0,1.0,-1.2360679774997898,1.0,0.0,1250.63,1005,742
183.0,6.1,1006,743,810,-450,0.0,-1.0,137,0,0,0.0,1.1093940734863281,36.45,1250.63,,1006.0,743.0,0.0,-1.0,0.0,0.0,1250.63,1005,742
184.0,6.133333333333333,1006,743,1710,900,0.0,0.0,137,0,0,0.0,3.7637863159179688,36.45,1250.63,,1006.0,743.0,0.0,0.0,0.0,0.0,1250.63,1005,742
185.0,6.166666666666667,1006,742,2055,345,1.0,1.0,137,0,-1,90.0,1.33380126953125,36.41,1250.04,,1006.0,742.0,1.0,1.0,0.0,-1.0,1250.04,1005,741
186.0,6.2,1008,740,3075,1020,2.8284271247461903,1.8284271247461903,137,2,-2,45.0,5.712921142578125,36.28,1250.47,,1008.0,740.0,2.8284271247461903,1.8284271247461903,2.0,-2.0,1250.47,1007,739
187.0,6.233333333333333,1011,738,2433,-642,3.6055512754639891,0.77712415071779883,137,3,-2,33.690067525979785,2.0822677612304688,36.13,1251.7,,1011.0,738.0,3.6055512754639891,0.77712415071779883,3.0,-2.0,1251.7,1010,737
188.0,6.266666666666667,1011,738,1038,-1395,0.0,-3.6055512754639891,137,0,0,0.0,1.7257461547851562,36.13,1251.7,,1011.0,738.0,0.0,-3.6055512754639891,0.0,0.0,1251.7,1010,737
189.0,6.3,1012,738,1623,585,1.0,1.0,137,1,0,0.0,3.9769363403320312,36.1,1252.51,,1012.0,738.0,1.0,1.0,1.0,0.0,1252.51,1011,737
190.0,6.333333333333333,1013,736,1758,135,2.2360679774997898,1.2360679774997898,137,1,-2,63.43494882292201,1.4017333984375,36.0,1252.14,,1013.0,736.0,2.2360679774997898,1.2360679774997898,1.0,-2.0,1252.14,1012,735
191.0,6.366666666666666,1014,736,1692,-66,1.0,-1.2360679774997898,137,1,0,0.0,5.813507080078125,35.97,1252.95,,1014.0,736.0,1.0,-1.2360679774997898,1.0,0.0,1252.95,1013,735
192.0,6.4,1012,739,3936,2244,3.6055512754639891,2.6055512754639891,137,-2,3,236.30993247402026,4.617164611816406,36.14,1253.1,,1012.0,739.0,3.6055512754639891,2.6055512754639891,-2.0,3.0,1253.1,1011,738
193.0,6.433333333333334,1011,740,3003,-933,1.4142135623730951,-2.1913377130908938,137,-1,1,225.0,5.198238372802734,36.2,1252.89,,1011.0,740.0,1.4142135623730951,-2.1913377130908938,-1.0,1.0,1252.89,1010,739
194.0,6.466666666666667,1008,743,3603,600,4.2426406871192848,2.8284271247461898,137,-3,3,225.0,1.0964469909667969,36.39,1252.24,,1008.0,743.0,4.2426406871192848,2.8284271247461898,-3.0,3.0,1252.24,1007,742
195.0,6.5,1004,746,4359,756,5.0,0.75735931288071523,137,-4,3,216.86989764584402,3.573394775390625,36.61,1250.81,,1004.0,746.0,5.0,0.75735931288071523,-4.0,3.0,1250.81,1003,745
196.0,6.533333333333333,999,750,4407,48,6.4031242374328485,1.4031242374328485,137,-5,4,218.65980825409008,3.7446556091308594,36.9,1249.2,,999.0,750.0,6.4031242374328485,1.4031242374328485,-5.0,4.0,1249.2,998,749
197.0,6.566666666666666,994,753,4767,360,5.8309518948453007,-0.57217234258754779,138,-5,3,210.96375653207352,3.75372314453125,37.15,1247.01,,994.0,753.0,5.8309518948453007,-0.57217234258754779,-5.0,3.0,1247.01,993,752
198.0,6.6,990,756,3552,-1215,5.0,-0.83095189484530074,137,-4,3,216.86989764584402,1.1729850769042969,37.37,1245.65,,990.0,756.0,5.0,-0.83095189484530074,-4.0,3.0,1245.65,989,755
199.0,6.633333333333333,987,758,3582,30,3.6055512754639891,-1.3944487245360109,137,-3,2,213.69006752597977,2.036663055419922,37.52,1244.48,,987.0,758.0,3.6055512754639891,-1.3944487245360109,-3.0,2.0,1244.48,986,757
200.0,6.666666666666667,983,760,3612,30,4.4721359549995796,0.86658467953559049,137,-4,2,206.565051177078,0.8885002136230469,37.71,1242.53,,983.0,760.0,4.4721359549995796,0.86658467953559049,-4.0,2.0,1242.53,982,759
201.0,6.7,979,762,4221,609,4.4721359549995796,0.0,138,-4,2,206.565051177078,0.27918243408203125,37.9,1240.6,,979.0,762.0,4.4721359549995796,0.0,-4.0,2.0,1240.6,978,761
202.0,6.733333333333333,975,766,4713,492,5.6568542494923806,1.184718294492801,137,-4,4,225.0,1.5889511108398438,38.15,1239.91,,975.0,766.0,5.6568542494923806,1.184718294492801,-4.0,4.0,1239.91,974,765
203.0,6.766666666666667,970,768,4740,27,5.3851648071345037,-0.27168944235787684,138,-5,2,201.80140948635182,0.6961555480957031,38.37,1237.22,,970.0,768.0,5.3851648071345037,-0.27168944235787684,-5.0,2.0,1237.22,969,767
204.0,6.8,965,772,3909,-831,6.4031242374328485,1.0179594302983448,138,-5,4,218.65980825409008,1.5804557800292969,38.66,1235.8,,965.0,772.0,6.4031242374328485,1.0179594302983448,-5.0,4.0,1235.8,964,771
205.0,6.833333333333333,959,776,5028,1119,7.2111025509279782,0.80797831349512972,137,-6,4,213.69006752597977,1.2511177062988281,38.98,1233.64,,959.0,776.0,7.2111025509279782,0.80797831349512972,-6.0,4.0,1233.64,958,775
206.0,6.866666666666666,955,782,5322,294,7.2111025509279782,0.0,137,-4,6,236.30993247402026,1.2266006469726562,39.31,1234.32,,955.0,782.0,7.2111025509279782,0.0,-4.0,6.0,1234.32,954,781
207.0,6.8999999999999995,950,787,4782,-540,7.0710678118654755,-0.14003473906250274,138,-5,5,225.0,1.3282012939453125,39.64,1233.64,,950.0,787.0,7.0710678118654755,-0.14003473906250274,-5.0,5.0,1233.64,949,786
208.0,6.933333333333334,943,793,5361,579,9.2195444572928871,2.1484766454274116,137,-7,6,220.60129464500446,3.4976119995117188,40.06,1232.11,,943.0,793.0,9.2195444572928871,2.1484766454274116,-7.0,6.0,1232.11,942,792
209.0,6.966666666666667,937,798,5406,45,7.810249675906654,-1.4092947813862331,138,-6,5,219.80557109226518,0.6473655700683594,40.42,1230.76,,937.0,798.0,7.810249675906654,-1.4092947813862331,-6.0,5.0,1230.76,936,797
210.0,7.0,931,805,5910,504,9.2195444572928871,1.4092947813862331,138,-6,7,229.3987053549955,3.9685935974121094,40.85,1230.77,,931.0,805.0,9.2195444572928871,1.4092947813862331,-6.0,7.0,1230.77,930,804
211.0,7.033333333333333,925,814,6048,138,10.816653826391969,1.5971093690990816,137,-6,9,236.30993247402026,0.01804351806640625,41.35,1232.16,,925.0,814.0,10.816653826391969,1.5971093690990816,-6.0,9.0,1232.16,924,813
212.0,7.066666666666666,919,820,5982,-66,8.4852813742385695,-2.3313724521533992,137,-6,6,225.0,0.9675216674804688,41.74,1231.65,,919.0,820.0,8.4852813742385695,-2.3313724521533992,-6.0,6.0,1231.65,918,819
213.0,7.1,913,825,5007,-975,7.810249675906654,-0.67503169833191556,137,-6,5,219.80557109226518,1.372589111328125,42.1,1230.53,,913.0,825.0,7.810249675906654,-0.67503169833191556,-6.0,5.0,1230.53,912,824
214.0,7.133333333333333,908,833,5661,654,9.4339811320566032,1.6237314561499492,137,-5,8,237.9946167919165,1.0075149536132812,42.53,1232.21,,908.0,833.0,9.4339811320566032,1.6237314561499492,-5.0,8.0,1232.21,907,832
215.0,7.166666666666667,901,841,6057,396,10.63014581273465,1.1961646806780468,137,-7,8,228.81407483429035,1.7588577270507812,43.03,1232.51,,901.0,841.0,10.63014581273465,1.1961646806780468,-7.0,8.0,1232.51,900,840
216.0,7.2,895,849,6090,33,10.0,-0.63014581273464998,138,-6,8,233.13010235415598,0.5951690673828125,43.49,1233.62,,895.0,849.0,10.0,-0.63014581273464998,-6.0,8.0,1233.62,894,848
217.0,7.233333333333333,889,857,6219,129,10.0,0.0,137,-6,8,233.13010235415598,2.396099090576172,43.95,1234.82,,889.0,857.0,10.0,0.0,-6.0,8.0,1234.82,888,856
218.0,7.266666666666667,884,865,5901,-318,9.4339811320566032,-0.56601886794339684,137,-5,8,237.9946167919165,3.499917984008789,44.38,1236.8,,884.0,865.0,9.4339811320566032,-0.56601886794339684,-5.0,8.0,1236.8,883,864
219.0,7.3,879,874,6333,432,10.295630140987001,0.86164900893039764,137,-5,9,240.94539590092285,0.2580718994140625,44.84,1239.56,,879.0,874.0,10.295630140987001,0.86164900893039764,-5.0,9.0,1239.56,878,873
220.0,7.333333333333333,874,881,5427,-906,8.6023252670426267,-1.6933048739443741,137,-5,7,234.46232220802563,0.6632251739501953,45.23,1240.98,,874.0,881.0,8.6023252670426267,-1.6933048739443741,-5.0,7.0,1240.98,873,880
221.0,7.366666666666666,868,890,5862,435,10.816653826391969,2.214328559349342,137,-6,9,236.30993247402026,0.10487556457519531,45.72,1243.19,,868.0,890.0,10.816653826391969,2.214328559349342,-6.0,9.0,1243.19,867,889
222.0,7.3999999999999995,862,898,6387,525,10.0,-0.81665382639196871,137,-6,8,233.13010235415598,0.6612548828125,46.17,1244.77,,862.0,898.0,10.0,-0.81665382639196871,-6.0,8.0,1244.77,861,897
223.0,7.433333333333334,856,906,6330,-57,10.0,0.0,137,-6,8,233.13010235415598,1.8517436981201172,46.63,1246.42,,856.0,906.0,10.0,0.0,-6.0,8.0,1246.42,855,905
224.0,7.466666666666667,850,914,5637,-693,10.0,0.0,137,-6,8,233.13010235415598,2.452577590942383,47.08,1248.16,,850.0,914.0,10.0,0.0,-6.0,8.0,1248.16,849,913
225.0,7.5,845,924,6699,1062,11.180339887498949,1.180339887498949,137,-5,10,243.434948822922,3.103364944458008,47.56,1252.12,,845.0,924.0,11.180339887498949,1.180339887498949,-5.0,10.0,1252.12,844,923
226.0,7.533333333333333,839,937,7449,750,14.317821063276353,3.1374811757774044,137,-6,13,245.22485943116806,2.445667266845703,48.16,1257.73,,839.0,937.0,14.317821063276353,3.1374811757774044,-6.0,13.0,1257.73,838,936
227.0,7.566666666666666,834,946,6294,-1155,10.295630140987001,-4.0221909222893526,137,-5,9,240.94539590092285,0.45290565490722656,48.6,1261.14,,834.0,946.0,10.295630140987001,-4.0221909222893526,-5.0,9.0,1261.14,833,945
228.0,7.6,830,957,6600,306,11.704699910719626,1.4090697697326249,137,-4,11,250.01689347809997,1.933816909790039,49.07,1266.79,,830.0,957.0,11.704699910719626,1.4090697697326249,-4.0,11.0,1266.79,829,956
229.0,7.633333333333333,826,969,7251,651,12.649110640673518,0.94441072995389241,137,-4,12,251.565051177078,1.1715087890625,49.55,1273.28,,826.0,969.0,12.649110640673518,0.94441072995389241,-4.0,12.0,1273.28,825,968
230.0,7.666666666666667,823,978,5967,-1284,9.4868329805051381,-3.16227766016838,137,-3,9,251.565051177078,0.5723419189453125,49.92,1278.21,,823.0,978.0,9.4868329805051381,-3.16227766016838,-3.0,9.0,1278.21,822,977
231.0,7.7,818,987,6306,339,10.295630140987001,0.80879716048186268,137,-5,9,240.94539590092285,1.8810100555419922,50.35,1281.91,,818.0,987.0,10.295630140987001,0.80879716048186268,-5.0,9.0,1281.91,817,986
232.0,7.733333333333333,817,994,5331,-975,7.0710678118654755,-3.2245623291215253,137,-1,7,261.869897645844,2.5462493896484375,50.58,1286.67,,817.0,994.0,7.0710678118654755,-3.2245623291215253,-1.0,7.0,1286.67,816,993
233.0,7.766666666666667,816,997,3030,-2301,3.1622776601683795,-3.908790151697096,137,-1,3,251.565051177078,0.30084896087646484,50.7,1288.36,,816.0,997.0,3.1622776601683795,-3.908790151697096,-1.0,3.0,1288.36,815,996
234.0,7.8,817,995,2340,-690,2.2360679774997898,-0.92620968266858972,137,1,-2,63.43494882292201,0.36644744873046875,50.61,1287.44,,817.0,995.0,2.2360679774997898,-0.92620968266858972,1.0,-2.0,1287.44,816,994
235.0,7.833333333333333,819,995,4287,1947,2.0,-0.23606797749978981,137,2,0,0.0,4.53909969329834,50.54,1288.71,,819.0,995.0,2.0,-0.23606797749978981,2.0,0.0,1288.71,818,994
236.0,7.866666666666666,820,994,918,-3369,1.4142135623730951,-0.58578643762690485,137,1,-1,45.0,1.4006381034851074,50.48,1288.58,,820.0,994.0,1.4142135623730951,-0.58578643762690485,1.0,-1.0,1288.58,819,993
237.0,7.8999999999999995,819,994,1218,300,1.0,-0.41421356237309515,137,-1,0,180.0,2.3911242485046387,50.51,1287.94,,819.0,994.0,1.0,-0.41421356237309515,-1.0,0.0,1287.94,818,993
238.0,7.933333333333334,816,994,5307,4089,3.0,2.0,137,-3,0,180.0,10.777767181396484,50.62,1286.04,,816.0,994.0,3.0,2.0,-3.0,0.0,1286.04,815,993
239.0,7.966666666666667,812,995,5598,291,4.1231056256176606,1.1231056256176606,137,-4,1,194.03624346792648,12.988365173339844,50.78,1284.28,,812.0,995.0,4.1231056256176606,1.1231056256176606,-4.0,1.0,1284.28,811,994
240.0,8.0,808,998,5295,-303,5.0,0.87689437438233941,137,-4,3,216.86989764584402,9.989871978759766,51.01,1284.08,,808.0,998.0,5.0,0.87689437438233941,-4.0,3.0,1284.08,807,997
241.0,8.033333333333333,802,1001,5718,423,6.7082039324993694,1.7082039324993694,137,-6,3,206.565051177078,4.064296722412109,51.3,1282.66,,802.0,1001.0,6.7082039324993694,1.7082039324993694,-6.0,3.0,1282.66,801,1000
242.0,8.066666666666666,794,1003,6639,921,8.2462112512353212,1.5380073187359518,137,-8,2,194.03624346792648,4.764564514160156,51.63,1279.24,,794.0,1003.0,8.2462112512353212,1.5380073187359518,-8.0,2.0,1279.24,793,1002
243.0,8.1,788,1005,4959,-1680,6.324555320336759,-1.9216559308985621,137,-6,2,198.434948822922,4.532012939453125,51.9,1277.09,,788.0,1005.0,6.324555320336759,-1.9216559308985621,-6.0,2.0,1277.09,787,1004
244.0,8.133333333333333,783,1007,4494,-465,5.3851648071345037,-0.93939051320225531,137,-5,2,201.80140948635182,0.7136154174804688,52.13,1275.59,,783.0,1007.0,5.3851648071345037,-0.93939051320225531,-5.0,2.0,1275.59,782,1006
245.0,8.166666666666666,776,1012,4944,450,8.6023252670426267,3.2171604599081229,137,-7,5,215.53767779197437,0.96539306640625,52.52,1275.27,,776.0,1012.0,8.6023252670426267,3.2171604599081229,-7.0,5.0,1275.27,775,1011
246.0,8.2,769,1015,5634,690,7.6157731058639087,-0.98655216117871802,137,-7,3,203.19859051364818,1.0480422973632812,52.85,1273.42,,769.0,1015.0,7.6157731058639087,-0.98655216117871802,-7.0,3.0,1273.42,768,1014
247.0,8.233333333333333,761,1016,6402,768,8.0622577482985491,0.44648464243464048,137,-8,1,187.1250163489018,0.9320831298828125,53.17,1269.4,,761.0,1016.0,8.0622577482985491,0.44648464243464048,-8.0,1.0,1269.4,760,1015
248.0,8.266666666666666,753,1018,5607,-795,8.2462112512353212,0.18395350293677204,137,-8,2,194.03624346792648,2.237396240234375,53.51,1266.23,,753.0,1018.0,8.2462112512353212,0.18395350293677204,-8.0,2.0,1266.23,752,1017
249.0,8.3,743,1022,6264,657,10.770329614269007,2.5241183630336863,137,-10,4,201.80140948635182,1.3852310180664062,53.98,1263.54,,743.0,1022.0,10.770329614269007,2.5241183630336863,-10.0,4.0,1263.54,742,1021
250.0,8.333333333333334,733,1024,6855,591,10.198039027185569,-0.5722905870834385,137,-10,2,191.3099324740202,5.759075164794922,54.4,1259.31,,733.0,1024.0,10.198039027185569,-0.5722905870834385,-10.0,2.0,1259.31,732,1023
251.0,8.366666666666667,726,1024,5949,-906,7.0,-3.198039027185569,137,-7,0,180.0,5.147773742675781,54.66,1255.25,,726.0,1024.0,7.0,-3.198039027185569,-7.0,0.0,1255.25,725,1023
252.0,8.4,717,1023,6519,570,9.0553851381374173,2.0553851381374173,137,-9,-1,173.6598082540901,3.817230224609375,54.97,1249.25,,717.0,1023.0,9.0553851381374173,2.0553851381374173,-9.0,-1.0,1249.25,716,1022
253.0,8.433333333333334,707,1023,6357,-162,10.0,0.9446148618625827,137,-10,0,180.0,1.0271224975585938,55.35,1243.53,,707.0,1023.0,10.0,0.9446148618625827,-10.0,0.0,1243.53,706,1022
254.0,8.466666666666667,696,1023,7143,786,11.0,1.0,137,-11,0,180.0,2.6451873779296875,55.77,1237.31,,696.0,1023.0,11.0,1.0,-11.0,0.0,1237.31,695,1022
255.0,8.5,688,1021,5898,-1245,8.2462112512353212,-2.7537887487646788,137,-8,-2,165.96375653207352,1.5777664184570312,56.03,1231.17,,688.0,1021.0,8.2462112512353212,-2.7537887487646788,-8.0,-2.0,1231.17,687,1020
256.0,8.533333333333333,681,1020,6051,153,7.0710678118654755,-1.1751434393698457,137,-7,-1,171.86989764584402,1.1416015625,56.27,1226.44,,681.0,1020.0,7.0710678118654755,-1.1751434393698457,-7.0,-1.0,1226.44,680,1019
257.0,8.566666666666666,673,1020,5409,-642,8.0,0.92893218813452449,137,-8,0,180.0,1.1785125732421875,56.58,1222.02,,673.0,1020.0,8.0,0.92893218813452449,-8.0,0.0,1222.02,672,1019
258.0,8.6,665,1019,6015,606,8.0622577482985491,0.062257748298549132,138,-8,-1,172.8749836510982,1.183258056640625,56.87,1216.79,,665.0,1019.0,8.0622577482985491,0.062257748298549132,-8.0,-1.0,1216.79,664,1018
259.0,8.633333333333333,659,1018,5052,-963,6.0827625302982193,-1.9794952180003298,137,-6,-1,170.53767779197437,1.0720138549804688,57.08,1212.69,,659.0,1018.0,6.0827625302982193,-1.9794952180003298,-6.0,-1.0,1212.69,658,1017
260.0,8.666666666666666,654,1017,4641,-411,5.0990195135927845,-0.98374301670543485,137,-5,-1,168.6900675259798,1.3724288940429688,57.26,1209.13,,654.0,1017.0,5.0990195135927845,-0.98374301670543485,-5.0,-1.0,1209.13,653,1016
261.0,8.7,643,1017,6063,1422,11.0,5.9009804864072155,137,-11,0,180.0,0.5421142578125,57.7,1203.22,,643.0,1017.0,11.0,5.9009804864072155,-11.0,0.0,1203.22,642,1016
262.0,8.733333333333333,632,1017,6249,186,11.0,0.0,137,-11,0,180.0,3.7285308837890625,58.14,1197.38,,632.0,1017.0,11.0,0.0,-11.0,0.0,1197.38,631,1016
263.0,8.766666666666666,622,1016,6213,-36,10.04987562112089,-0.95012437887911005,138,-10,-1,174.28940686250036,1.1519546508789062,58.52,1191.28,,622.0,1016.0,10.04987562112089,-0.95012437887911005,-10.0,-1.0,1191.28,621,1015
264.0,8.8,612,1014,6675,462,10.198039027185569,0.14816340606467904,137,-10,-2,168.6900675259798,2.9896697998046875,58.89,1184.37,,612.0,1014.0,10.198039027185569,0.14816340606467904,-10.0,-2.0,1184.37,611,1013
265.0,8.833333333333334,601,1014,6012,-663,11.0,0.80196097281443102,137,-11,0,180.0,1.1437835693359375,59.34,1178.73,,601.0,1014.0,11.0,0.80196097281443102,-11.0,0.0,1178.73,600,1013
266.0,8.866666666666667,587,1012,6780,768,14.142135623730951,3.142135623730951,138,-14,-2,171.86989764584402,1.7844696044921875,59.88,1169.92,,587.0,1012.0,14.142135623730951,3.142135623730951,-14.0,-2.0,1169.92,586,1011
267.0,8.9,579,1009,6183,-597,8.5440037453175304,-5.5981318784134206,138,-8,-3,159.44395478041653,1.3714981079101562,60.15,1163.32,,579.0,1009.0,8.5440037453175304,-5.5981318784134206,-8.0,-3.0,1163.32,578,1008
268.0,8.933333333333334,569,1009,5823,-360,10.0,1.4559962546824696,137,-10,0,180.0,0.9141082763671875,60.58,1158.38,,569.0,1009.0,10.0,1.4559962546824696,-10.0,0.0,1158.38,568,1008
269.0,8.966666666666667,561,1008,5091,-732,8.0622577482985491,-1.9377422517014509,137,-8,-1,172.8749836510982,0.3434906005859375,60.9,1153.6,,561.0,1008.0,8.0622577482985491,-1.9377422517014509,-8.0,-1.0,1153.6,560,1007
270.0,9.0,551,1007,6177,1086,10.04987562112089,1.9876178728223408,138,-10,-1,174.28940686250036,0.8167495727539062,61.31,1147.89,,551.0,1007.0,10.04987562112089,1.9876178728223408,-10.0,-1.0,1147.89,550,1006
271.0,9.033333333333333,542,1006,5820,-357,9.0553851381374173,-0.99449048298347265,137,-9,-1,173.6598082540901,0.4991455078125,61.69,1142.72,,542.0,1006.0,9.0553851381374173,-0.99449048298347265,-9.0,-1.0,1142.72,541,1005
272.0,9.066666666666666,532,1006,5721,-99,10.0,0.9446148618625827,137,-10,0,180.0,1.5215988159179688,62.13,1138.01,,532.0,1006.0,10.0,0.9446148618625827,-10.0,0.0,1138.01,531,1005
273.0,9.1,524,1005,5763,42,8.0622577482985491,-1.9377422517014509,137,-8,-1,172.8749836510982,1.1725997924804688,62.46,1133.4,,524.0,1005.0,8.0622577482985491,-1.9377422517014509,-8.0,-1.0,1133.4,523,1004
274.0,9.133333333333333,513,1004,6324,561,11.045361017187261,2.983103268888712,137,-11,-1,174.8055710922652,0.8836898803710938,62.93,1127.47,,513.0,1004.0,11.045361017187261,2.983103268888712,-11.0,-1.0,1127.47,512,1003
275.0,9.166666666666666,501,1003,6822,498,12.041594578792296,0.99623356160503462,138,-12,-1,175.2363583092738,1.73797607421875,63.46,1121.16,,501.0,1003.0,12.041594578792296,0.99623356160503462,-12.0,-1.0,1121.16,500,1002
276.0,9.2,489,1004,6066,-756,12.041594578792296,0.0,138,-12,1,184.7636416907262,2.1634445190429688,64.03,1116.75,,489.0,1004.0,12.041594578792296,0.0,-12.0,1.0,1116.75,488,1003
277.0,9.233333333333333,477,1004,6525,459,12.0,-0.041594578792295778,137,-12,0,180.0,0.03113555908203125,64.59,1111.55,,477.0,1004.0,12.0,-0.041594578792295778,-12.0,0.0,1111.55,476,1003
278.0,9.266666666666666,465,1003,6699,174,12.041594578792296,0.041594578792295778,137,-12,-1,175.2363583092738,3.2258834838867188,65.13,1105.55,,465.0,1003.0,12.041594578792296,0.041594578792295778,-12.0,-1.0,1105.55,464,1002
279.0,9.3,453,1003,5925,-774,12.0,-0.041594578792295778,137,-12,0,180.0,5.003181457519531,65.69,1100.55,,453.0,1003.0,12.0,-0.041594578792295778,-12.0,0.0,1100.55,452,1002
280.0,9.333333333333334,439,1001,6762,837,14.142135623730951,2.142135623730951,137,-14,-2,171.86989764584402,3.492462158203125,66.32,1093.03,,439.0,1001.0,14.142135623730951,2.142135623730951,-14.0,-2.0,1093.03,438,1000
281.0,9.366666666666667,427,1000,6534,-228,12.041594578792296,-2.1005410449386552,137,-12,-1,175.2363583092738,0.42612457275390625,66.88,1087.35,,427.0,1000.0,12.041594578792296,-2.1005410449386552,-12.0,-1.0,1087.35,426,999
282.0,9.4,413,1000,5976,-558,14.0,1.9584054212077042,138,-14,0,180.0,1.5308990478515625,67.56,1081.93,,413.0,1000.0,14.0,1.9584054212077042,-14.0,0.0,1081.93,412,999
283.0,9.433333333333334,400,999,6576,600,13.038404810405298,-0.96159518959470169,137,-13,-1,175.6012946450045,4.008689880371094,68.18,1076.1,,400.0,999.0,13.038404810405298,-0.96159518959470169,-13.0,-1.0,1076.1,399,998
284.0,9.466666666666667,389,998,6174,-402,11.045361017187261,-1.9930437932180372,137,-11,-1,174.8055710922652,0.6402664184570312,68.71,1071.13,,389.0,998.0,11.045361017187261,-1.9930437932180372,-11.0,-1.0,1071.13,388,997
285.0,9.5,376,999,5934,-240,13.038404810405298,1.9930437932180372,138,-13,1,184.3987053549955,0.0335540771484375,69.37,1067.42,,376.0,999.0,13.038404810405298,1.9930437932180372,-13.0,1.0,1067.42,375,998
286.0,9.533333333333333,367,1000,5367,-567,9.0553851381374173,-3.983019672267881,137,-9,1,186.3401917459099,1.5067901611328125,69.85,1065.22,,367.0,1000.0,9.0553851381374173,-3.983019672267881,-9.0,1.0,1065.22,366,999
287.0,9.566666666666666,356,999,5940,573,11.045361017187261,1.9899758790498439,138,-11,-1,174.8055710922652,1.7356491088867188,70.39,1060.54,,356.0,999.0,11.045361017187261,1.9899758790498439,-11.0,-1.0,1060.54,355,998
288.0,9.6,352,997,5166,-774,4.4721359549995796,-6.5732250621876815,138,-4,-2,153.434948822922,0.260772705078125,70.55,1057.31,,352.0,997.0,4.4721359549995796,-6.5732250621876815,-4.0,-2.0,1057.31,351,996
289.0,9.633333333333333,348,996,2973,-2193,4.1231056256176606,-0.34903032938191902,137,-4,-1,165.96375653207352,0.3519287109375,70.74,1055.05,,348.0,996.0,4.1231056256176606,-0.34903032938191902,-4.0,-1.0,1055.05,347,995
290.0,9.666666666666666,346,994,4092,1119,2.8284271247461903,-1.2946785008714703,138,-2,-2,135.0,1.5713882446289062,70.81,1052.5,,346.0,994.0,2.8284271247461903,-1.2946785008714703,-2.0,-2.0,1052.5,345,993
291.0,9.7,344,991,4233,141,3.6055512754639891,0.77712415071779883,138,-2,-3,123.69006752597979,2.069183349609375,70.86,1049.01,,344.0,991.0,3.6055512754639891,0.77712415071779883,-2.0,-3.0,1049.01,343,990
292.0,9.733333333333333,338,987,6381,2148,7.2111025509279782,3.6055512754639891,137,-6,-4,146.30993247402023,0.243865966796875,71.1,1043.27,,338.0,987.0,7.2111025509279782,3.6055512754639891,-6.0,-4.0,1043.27,337,986
293.0,9.766666666666666,331,984,6249,-132,7.6157731058639087,0.4046705549359304,137,-7,-3,156.80140948635182,0.33568572998046875,71.41,1038.18,,331.0,984.0,7.6157731058639087,0.4046705549359304,-7.0,-3.0,1038.18,330,983
294.0,9.8,326,982,4434,-1815,5.3851648071345037,-2.2306082987294049,137,-5,-2,158.19859051364818,0.6247787475585938,71.64,1034.7,,326.0,982.0,5.3851648071345037,-2.2306082987294049,-5.0,-2.0,1034.7,325,981
295.0,9.833333333333334,317,981,5340,906,9.0553851381374173,3.6702203310029136,137,-9,-1,173.6598082540901,0.5108718872070312,72.09,1030.95,,317.0,981.0,9.0553851381374173,3.6702203310029136,-9.0,-1.0,1030.95,316,980
296.0,9.866666666666667,311,981,4170,-1170,6.0,-3.0553851381374173,138,-6,0,180.0,2.6763916015625,72.41,1029.12,,311.0,981.0,6.0,-3.0553851381374173,-6.0,0.0,1029.12,310,980
297.0,9.9,304,981,5064,894,7.0,1.0,138,-7,0,180.0,4.082466125488281,72.78,1027.02,,304.0,981.0,7.0,1.0,-7.0,0.0,1027.02,303,980
298.0,9.933333333333334,301,981,3771,-1293,3.0,-4.0,137,-3,0,180.0,6.486297607421875,72.94,1026.14,,301.0,981.0,3.0,-4.0,-3.0,0.0,1026.14,300,980
299.0,9.966666666666667,299,981,2733,-1038,2.0,-1.0,137,-2,0,180.0,4.953407287597656,73.05,1025.55,,299.0,981.0,2.0,-1.0,-2.0,0.0,1025.55,298,980
300.0,10.0,299,982,3264,531,1.0,-1.0,138,0,1,270.0,7.300193786621094,73.07,1026.51,,299.0,982.0,1.0,-1.0,0.0,1.0,1026.51,298,981
301.0,10.033333333333333,298,983,3459,195,1.4142135623730951,0.41421356237309515,137,-1,1,225.0,8.005313873291016,73.14,1027.18,,298.0,983.0,1.4142135623730951,0.41421356237309515,-1.0,1.0,1027.18,297,982
302.0,10.066666666666666,298,984,2874,-585,1.0,-0.41421356237309515,137,0,1,270.0,7.207469940185547,73.15,1028.13,,298.0,984.0,1.0,-0.41421356237309515,0.0,1.0,1028.13,297,983
303.0,10.1,297,988,3717,843,4.1231056256176606,3.1231056256176606,137,-1,4,255.96375653207352,3.7520294189453125,73.27,1031.67,,297.0,988.0,4.1231056256176606,3.1231056256176606,-1.0,4.0,1031.67,296,987
304.0,10.133333333333333,294,992,3978,261,5.0,0.87689437438233941,137,-3,4,233.13010235415598,4.678379058837891,73.49,1034.65,,294.0,992.0,5.0,0.87689437438233941,-3.0,4.0,1034.65,293,991
305.0,10.166666666666666,292,996,2853,-1125,4.4721359549995796,-0.52786404500042039,138,-2,4,243.434948822922,1.343994140625,73.66,1037.92,,292.0,996.0,4.4721359549995796,-0.52786404500042039,-2.0,4.0,1037.92,291,995
306.0,10.2,289,1001,4284,1431,5.8309518948453007,1.3588159398457211,138,-3,5,239.03624346792648,0.3408927917480469,73.9,1041.88,,289.0,1001.0,5.8309518948453007,1.3588159398457211,-3.0,5.0,1041.88,288,1000
307.0,10.233333333333333,286,1004,2784,-1500,4.2426406871192848,-1.588311207726016,137,-3,3,225.0,1.1701164245605469,74.1,1043.94,,286.0,1004.0,4.2426406871192848,-1.588311207726016,-3.0,3.0,1043.94,285,1003
308.0,10.266666666666666,287,1005,1671,-1113,1.4142135623730951,-2.8284271247461898,138,1,1,315.0,0.13780593872070312,74.06,1045.18,,287.0,1005.0,1.4142135623730951,-2.8284271247461898,1.0,1.0,1045.18,286,1004
309.0,10.3,293,1002,5067,3396,6.7082039324993694,5.2939903701262745,138,6,-3,26.56505117707799,5.150905609130859,73.7,1043.96,,293.0,1002.0,6.7082039324993694,5.2939903701262745,6.0,-3.0,1043.96,292,1001
310.0,10.333333333333334,296,1000,5091,24,3.6055512754639891,-3.1026526570353803,137,3,-2,33.690067525979785,11.15444564819336,73.51,1042.89,,296.0,1000.0,3.6055512754639891,-3.1026526570353803,3.0,-2.0,1042.89,295,999
311.0,10.366666666666667,298,998,4863,-228,2.8284271247461903,-0.77712415071779883,137,2,-2,45.0,11.581161499023438,73.37,1041.54,,298.0,998.0,2.8284271247461903,-0.77712415071779883,2.0,-2.0,1041.54,297,997
312.0,10.4,299,996,3861,-1002,2.2360679774997898,-0.59235914724640049,138,1,-2,63.43494882292201,7.068290710449219,73.29,1039.91,,299.0,996.0,2.2360679774997898,-0.59235914724640049,1.0,-2.0,1039.91,298,995
313.0,10.433333333333334,299,996,4293,432,0.0,-2.2360679774997898,137,0,0,0.0,11.326896667480469,73.29,1039.91,,299.0,996.0,0.0,-2.2360679774997898,0.0,0.0,1039.91,298,995
314.0,10.466666666666667,299,997,5667,1374,1.0,1.0,137,0,1,270.0,13.461448669433594,73.31,1040.87,,299.0,997.0,1.0,1.0,0.0,1.0,1040.87,298,996
315.0,10.5,297,994,3969,-1698,3.6055512754639891,2.6055512754639891,137,-2,-3,123.69006752597979,7.549903869628906,73.36,1037.42,,297.0,994.0,3.6055512754639891,2.6055512754639891,-2.0,-3.0,1037.42,296,993
316.0,10.533333333333333,295,991,3852,-117,3.6055512754639891,0.0,137,-2,-3,123.69006752597979,3.8986282348632812,73.42,1033.98,,295.0,991.0,3.6055512754639891,0.0,-2.0,-3.0,1033.98,294,990
317.0,10.566666666666666,292,987,4353,501,5.0,1.3944487245360109,138,-3,-4,126.86989764584402,1.5278549194335938,73.52,1029.29,,292.0,987.0,5.0,1.3944487245360109,-3.0,-4.0,1029.29,291,986
318.0,10.6,288,984,4035,-318,5.0,0.0,138,-4,-3,143.13010235415598,1.7051925659179688,73.69,1025.28,,288.0,984.0,5.0,0.0,-4.0,-3.0,1025.28,287,983
319.0,10.633333333333333,282,980,4974,939,7.2111025509279782,2.2111025509279782,137,-6,-4,146.30993247402023,3.3465805053710938,73.95,1019.77,,282.0,980.0,7.2111025509279782,2.2111025509279782,-6.0,-4.0,1019.77,281,979
320.0,10.666666666666666,275,976,4404,-570,8.0622577482985491,0.85115519737057088,137,-7,-4,150.25511870305778,0.12223052978515625,74.26,1014.0,,275.0,976.0,8.0622577482985491,0.85115519737057088,-7.0,-4.0,1014.0,274,975
321.0,10.7,270,971,5250,846,7.0710678118654755,-0.99118993643307363,138,-5,-5,135.0,1.1538162231445312,74.46,1007.84,,270.0,971.0,7.0710678118654755,-0.99118993643307363,-5.0,-5.0,1007.84,269,970
322.0,10.733333333333333,264,966,5223,-27,7.810249675906654,0.73918186404117847,137,-6,-5,140.19442890773482,0.329376220703125,74.71,1001.42,,264.0,966.0,7.810249675906654,0.73918186404117847,-6.0,-5.0,1001.42,263,965
323.0,10.766666666666666,260,961,5091,-132,6.4031242374328485,-1.4071254384738054,137,-4,-5,128.6598082540901,2.4187545776367188,74.86,995.55,,260.0,961.0,6.4031242374328485,-1.4071254384738054,-4.0,-5.0,995.55,259,960
324.0,10.8,253,956,4836,-255,8.6023252670426267,2.1992010296097781,137,-7,-5,144.46232220802563,1.1993865966796875,75.18,988.91,,253.0,956.0,8.6023252670426267,2.1992010296097781,-7.0,-5.0,988.91,252,955
325.0,10.833333333333334,248,952,4506,-330,6.4031242374328485,-2.1992010296097781,137,-5,-4,141.34019174590992,1.2903213500976562,75.4,983.77,,248.0,952.0,6.4031242374328485,-2.1992010296097781,-5.0,-4.0,983.77,247,951
326.0,10.866666666666667,243,945,6432,1926,8.6023252670426267,2.1992010296097781,137,-5,-7,125.53767779197437,2.427764892578125,75.58,975.74,,243.0,945.0,8.6023252670426267,2.1992010296097781,-5.0,-7.0,975.74,242,944
327.0,10.9,241,943,2742,-3690,2.8284271247461903,-5.7738981422964368,138,-2,-2,135.0,1.3059768676757812,75.66,973.31,,241.0,943.0,2.8284271247461903,-5.7738981422964368,-2.0,-2.0,973.31,240,942
328.0,10.933333333333334,241,942,1851,-891,1.0,-1.8284271247461903,137,0,-1,90.0,0.8589401245117188,75.65,972.34,,241.0,942.0,1.0,-1.8284271247461903,0.0,-1.0,972.34,240,941
329.0,10.966666666666667,240,941,2832,981,1.4142135623730951,0.41421356237309515,137,-1,-1,135.0,7.051017761230469,75.69,971.12,,240.0,941.0,1.4142135623730951,0.41421356237309515,-1.0,-1.0,971.12,239,940
330.0,11.0,245,941,5382,2550,5.0,3.5857864376269051,138,5,0,0.0,10.543136596679688,75.41,972.37,,245.0,941.0,5.0,3.5857864376269051,5.0,0.0,972.37,244,940
331.0,11.033333333333333,245,937,4134,-1248,4.0,-1.0,137,0,-4,90.0,8.268585205078125,75.35,968.5,,245.0,937.0,4.0,-1.0,0.0,-4.0,968.5,244,936
332.0,11.066666666666666,244,931,4863,729,6.0827625302982193,2.0827625302982193,137,-1,-6,99.46232220802563,1.741424560546875,75.31,962.44,,244.0,931.0,6.0827625302982193,2.0827625302982193,-1.0,-6.0,962.44,243,930
333.0,11.1,243,924,4947,84,7.0710678118654755,0.98830528156725617,138,-1,-7,98.13010235415598,1.171234130859375,75.27,955.42,,243.0,924.0,7.0710678118654755,0.98830528156725617,-1.0,-7.0,955.42,242,923
334.0,11.133333333333333,241,918,4095,-852,6.324555320336759,-0.74651249152871646,137,-2,-6,108.43494882292202,0.3684844970703125,75.29,949.11,,241.0,918.0,6.324555320336759,-0.74651249152871646,-2.0,-6.0,949.11,240,917
335.0,11.166666666666666,240,913,3954,-141,5.0990195135927845,-1.2255358067439746,137,-1,-5,101.30993247402021,1.5975494384765625,75.27,944.02,,240.0,913.0,5.0990195135927845,-1.2255358067439746,-1.0,-5.0,944.02,239,912
336.0,11.2,236,907,5025,1071,7.2111025509279782,2.1120830373351938,138,-4,-6,123.69006752597979,0.101776123046875,75.42,937.2,,236.0,907.0,7.2111025509279782,2.1120830373351938,-4.0,-6.0,937.2,235,906
337.0,11.233333333333333,232,901,4653,-372,7.2111025509279782,0.0,137,-4,-6,123.69006752597979,1.1205902099609375,75.56,930.39,,232.0,901.0,7.2111025509279782,0.0,-4.0,-6.0,930.39,231,900
338.0,11.266666666666666,228,893,4965,312,8.9442719099991592,1.733169359071181,137,-4,-8,116.56505117707799,1.8180389404296875,75.68,921.65,,228.0,893.0,8.9442719099991592,1.733169359071181,-4.0,-8.0,921.65,227,892
339.0,11.3,226,888,3675,-1290,5.3851648071345037,-3.5591071028646555,138,-2,-5,111.80140948635182,0.3087158203125,75.72,916.31,,226.0,888.0,5.3851648071345037,-3.5591071028646555,-2.0,-5.0,916.31,225,887
340.0,11.333333333333334,225,884,3912,237,4.1231056256176606,-1.2620591815168432,137,-1,-4,104.03624346792648,1.2301177978515625,75.72,912.18,,225.0,884.0,4.1231056256176606,-1.2620591815168432,-1.0,-4.0,912.18,224,883
341.0,11.366666666666667,221,879,4458,546,6.4031242374328485,2.2800186118151879,137,-4,-5,128.6598082540901,1.3499298095703125,75.89,906.36,,221.0,879.0,6.4031242374328485,2.2800186118151879,-4.0,-5.0,906.36,220,878
342.0,11.4,218,875,3393,-1065,5.0,-1.4031242374328485,138,-3,-4,126.86989764584402,0.4995574951171875,76.01,901.75,,218.0,875.0,5.0,-1.4031242374328485,-3.0,-4.0,901.75,217,874
343.0,11.433333333333334,223,875,5523,2130,5.0,0.0,137,5,0,0.0,3.777984619140625,75.7,902.97,,223.0,875.0,5.0,0.0,5.0,0.0,902.97,222,874
344.0,11.466666666666667,220,872,2295,-3228,4.2426406871192848,-0.75735931288071523,137,-3,-3,135.0,1.97027587890625,75.84,899.32,,220.0,872.0,4.2426406871192848,-0.75735931288071523,-3.0,-3.0,899.32,219,871
345.0,11.5,218,871,2376,81,2.2360679774997898,-2.006572709619495,138,-2,-1,153.434948822922,4.2293853759765625,75.95,897.87,,218.0,871.0,2.2360679774997898,-2.006572709619495,-2.0,-1.0,897.87,217,870
346.0,11.533333333333333,215,868,3453,1077,4.2426406871192848,2.006572709619495,137,-3,-3,135.0,4.693939208984375,76.09,894.23,,215.0,868.0,4.2426406871192848,2.006572709619495,-3.0,-3.0,894.23,214,867
347.0,11.566666666666666,210,865,4290,837,5.8309518948453007,1.588311207726016,138,-5,-3,149.03624346792648,2.8137969970703125,76.35,890.13,,210.0,865.0,5.8309518948453007,1.588311207726016,-5.0,-3.0,890.13,209,864
348.0,11.6,205,860,4179,-111,7.0710678118654755,1.2401159170201748,137,-5,-5,135.0,1.9886093139648438,76.59,884.1,,205.0,860.0,7.0710678118654755,1.2401159170201748,-5.0,-5.0,884.1,204,859
349.0,11.633333333333333,200,856,4443,264,6.4031242374328485,-0.66794357443262697,137,-5,-4,141.34019174590992,0.45940399169921875,76.85,879.05,,200.0,856.0,6.4031242374328485,-0.66794357443262697,-5.0,-4.0,879.05,199,855
350.0,11.666666666666666,194,852,4281,-162,7.2111025509279782,0.80797831349512972,138,-6,-4,146.30993247402023,1.9316482543945312,77.17,873.81,,194.0,852.0,7.2111025509279782,0.80797831349512972,-6.0,-4.0,873.81,193,851
351.0,11.7,188,847,5037,756,7.810249675906654,0.59914712497867573,138,-6,-5,140.19442890773482,2.7076034545898438,77.49,867.61,,188.0,847.0,7.810249675906654,0.59914712497867573,-6.0,-5.0,867.61,187,846
352.0,11.733333333333333,183,842,4941,-96,7.0710678118654755,-0.73918186404117847,137,-5,-5,135.0,0.543060302734375,77.74,861.66,,183.0,842.0,7.0710678118654755,-0.73918186404117847,-5.0,-5.0,861.66,182,841
353.0,11.766666666666666,175,836,5088,147,10.0,2.9289321881345245,137,-8,-6,143.13010235415598,1.315093994140625,78.18,854.12,,175.0,836.0,10.0,2.9289321881345245,-8.0,-6.0,854.12,174,835
354.0,11.8,169,832,4614,-474,7.2111025509279782,-2.7888974490720218,138,-6,-4,146.30993247402023,3.0548934936523438,78.52,848.99,,169.0,832.0,7.2111025509279782,-2.7888974490720218,-6.0,-4.0,848.99,168,831
355.0,11.833333333333334,161,828,5529,915,8.9442719099991592,1.733169359071181,137,-8,-4,153.434948822922,7.1087799072265625,79.0,843.51,,161.0,828.0,8.9442719099991592,1.733169359071181,-8.0,-4.0,843.51,160,827
356.0,11.866666666666667,153,825,4857,-672,8.5440037453175304,-0.40026816468162885,137,-8,-3,159.44395478041653,3.0447311401367188,79.49,839.07,,153.0,825.0,8.5440037453175304,-0.40026816468162885,-8.0,-3.0,839.07,152,824
357.0,11.9,145,822,4362,-495,8.5440037453175304,0.0,138,-8,-3,159.44395478041653,0.9363861083984375,80.0,834.69,,145.0,822.0,8.5440037453175304,0.0,-8.0,-3.0,834.69,144,821
358.0,11.933333333333334,139,818,4521,159,7.2111025509279782,-1.3329011943895521,137,-6,-4,146.30993247402023,3.0083084106445312,80.36,829.73,,139.0,818.0,7.2111025509279782,-1.3329011943895521,-6.0,-4.0,829.73,138,817
359.0,11.966666666666667,131,815,4164,-357,8.5440037453175304,1.3329011943895521,138,-8,-3,159.44395478041653,1.2159271240234375,80.87,825.46,,131.0,815.0,8.5440037453175304,1.3329011943895521,-8.0,-3.0,825.46,130,814
360.0,12.0,127,811,4761,597,5.6568542494923806,-2.8871494958251498,138,-4,-4,135.0,1.7647018432617188,81.1,820.88,,127.0,811.0,5.6568542494923806,-2.8871494958251498,-4.0,-4.0,820.88,126,810
361.0,12.033333333333333,126,810,1380,-3381,1.4142135623730951,-4.2426406871192857,137,-1,-1,135.0,3.6895370483398438,81.16,819.74,,126.0,810.0,1.4142135623730951,-4.2426406871192857,-1.0,-1.0,819.74,125,809
362.0,12.066666666666666,126,811,540,-840,1.0,-0.41421356237309515,137,0,1,270.0,0.4134979248046875,81.17,820.73,,126.0,811.0,1.0,-0.41421356237309515,0.0,1.0,820.73,125,810
363.0,12.1,130,812,2658,2118,4.1231056256176606,3.1231056256176606,138,4,1,345.9637565320735,2.591796875,80.9,822.34,,130.0,812.0,4.1231056256176606,3.1231056256176606,4.0,1.0,822.34,129,811
364.0,12.133333333333333,136,812,4791,2133,6.0,1.8768943743823394,137,6,0,0.0,3.1219863891601562,80.49,823.31,,136.0,812.0,6.0,1.8768943743823394,6.0,0.0,823.31,135,811
365.0,12.166666666666666,137,810,3135,-1656,2.2360679774997898,-3.7639320225002102,137,1,-2,63.43494882292201,4.629997253417969,80.4,821.5,,137.0,810.0,2.2360679774997898,-3.7639320225002102,1.0,-2.0,821.5,136,809
366.0,12.2,138,809,2325,-810,1.4142135623730951,-0.82185441512669466,138,1,-1,45.0,4.415641784667969,80.32,820.69,,138.0,809.0,1.4142135623730951,-0.82185441512669466,1.0,-1.0,820.69,137,808
367.0,12.233333333333333,139,809,1086,-1239,1.0,-0.41421356237309515,137,1,0,0.0,2.4707794189453125,80.25,820.85,,139.0,809.0,1.0,-0.41421356237309515,1.0,0.0,820.85,138,808
368.0,12.266666666666666,142,809,2982,1896,3.0,2.0,137,3,0,0.0,3.8996124267578125,80.04,821.37,,142.0,809.0,3.0,2.0,3.0,0.0,821.37,141,808
369.0,12.3,144,809,3420,438,2.0,-1.0,138,2,0,0.0,5.866668701171875,79.91,821.72,,144.0,809.0,2.0,-1.0,2.0,0.0,821.72,143,808
370.0,12.333333333333334,146,807,3336,-84,2.8284271247461903,0.82842712474619029,137,2,-2,45.0,3.62542724609375,79.75,820.1,,146.0,807.0,2.8284271247461903,0.82842712474619029,2.0,-2.0,820.1,145,806
371.0,12.366666666666667,147,803,4848,1512,4.1231056256176606,1.2946785008714703,138,1,-4,75.96375653207353,4.42803955078125,79.63,816.34,,147.0,803.0,4.1231056256176606,1.2946785008714703,1.0,-4.0,816.34,146,802
372.0,12.4,147,798,4917,69,5.0,0.87689437438233941,138,0,-5,90.0,3.633026123046875,79.56,811.43,,147.0,798.0,5.0,0.87689437438233941,0.0,-5.0,811.43,146,797
373.0,12.433333333333334,146,793,3726,-1191,5.0990195135927845,0.099019513592784492,137,-1,-5,101.30993247402021,1.4522247314453125,79.57,806.33,,146.0,793.0,5.0990195135927845,0.099019513592784492,-1.0,-5.0,806.33,145,792
374.0,12.466666666666667,145,786,4611,885,7.0710678118654755,1.972048298272691,137,-1,-7,98.13010235415598,0.6803436279296875,79.55,799.26,,145.0,786.0,7.0710678118654755,1.972048298272691,-1.0,-7.0,799.26,144,785
375.0,12.5,143,781,4026,-585,5.3851648071345037,-1.6859030047309718,137,-2,-5,111.80140948635182,0.4654693603515625,79.62,793.98,,143.0,781.0,5.3851648071345037,-1.6859030047309718,-2.0,-5.0,793.98,142,780
376.0,12.533333333333333,141,776,3570,-456,5.3851648071345037,0.0,137,-2,-5,111.80140948635182,0.7932281494140625,79.7,788.71,,141.0,776.0,5.3851648071345037,0.0,-2.0,-5.0,788.71,140,775
377.0,12.566666666666666,139,770,3900,330,6.324555320336759,0.93939051320225531,137,-2,-6,108.43494882292202,1.792236328125,79.77,782.45,,139.0,770.0,6.324555320336759,0.93939051320225531,-2.0,-6.0,782.45,138,769
378.0,12.6,137,762,5499,1599,8.2462112512353212,1.9216559308985621,137,-2,-8,104.03624346792648,0.7344818115234375,79.81,774.22,,137.0,762.0,8.2462112512353212,1.9216559308985621,-2.0,-8.0,774.22,136,761
379.0,12.633333333333333,136,754,5643,144,8.0622577482985491,-0.18395350293677204,137,-1,-8,97.1250163489018,0.6121673583984375,79.78,766.17,,136.0,754.0,8.0622577482985491,-0.18395350293677204,-1.0,-8.0,766.17,135,753
380.0,12.666666666666666,132,747,5145,-498,8.0622577482985491,0.0,138,-4,-7,119.74488129694222,1.35772705078125,79.98,758.57,,132.0,747.0,8.0622577482985491,0.0,-4.0,-7.0,758.57,131,746
381.0,12.7,129,740,4146,-999,7.6157731058639087,-0.44648464243464048,138,-3,-7,113.19859051364818,0.1209716796875,80.11,751.16,,129.0,740.0,7.6157731058639087,-0.44648464243464048,-3.0,-7.0,751.16,128,739
382.0,12.733333333333333,125,732,5085,939,8.9442719099991592,1.3284988041352506,137,-4,-8,116.56505117707799,2.685089111328125,80.31,742.6,,125.0,732.0,8.9442719099991592,1.3284988041352506,-4.0,-8.0,742.6,124,731
383.0,12.766666666666666,121,724,5169,84,8.9442719099991592,0.0,137,-4,-8,116.56505117707799,2.87823486328125,80.51,734.04,,121.0,724.0,8.9442719099991592,0.0,-4.0,-8.0,734.04,120,723
384.0,12.8,116,715,5535,366,10.295630140987001,1.3513582309878416,138,-5,-9,119.05460409907714,0.36126708984375,80.78,724.35,,116.0,715.0,10.295630140987001,1.3513582309878416,-5.0,-9.0,724.35,115,714
385.0,12.833333333333334,111,709,4035,-1500,7.810249675906654,-2.4853804650803468,137,-5,-6,129.8055710922652,1.67474365234375,81.1,717.64,,111.0,709.0,7.810249675906654,-2.4853804650803468,-5.0,-6.0,717.64,110,708
386.0,12.866666666666667,107,701,5292,1257,8.9442719099991592,1.1340222340925052,137,-4,-8,116.56505117707799,1.3319091796875,81.32,709.12,,107.0,701.0,8.9442719099991592,1.1340222340925052,-4.0,-8.0,709.12,106,700
387.0,12.9,103,695,4557,-735,7.2111025509279782,-1.733169359071181,138,-4,-6,123.69006752597979,2.2705230712890625,81.57,702.59,,103.0,695.0,7.2111025509279782,-1.733169359071181,-4.0,-6.0,702.59,102,694
388.0,12.933333333333334,99,687,5403,846,8.9442719099991592,1.733169359071181,137,-4,-8,116.56505117707799,0.9801025390625,81.8,694.1,,99.0,687.0,8.9442719099991592,1.733169359071181,-4.0,-8.0,694.1,98,686
